file,line,type,commit,author,date,time,timezone,datetime,depth,length
static\style.css,1,css,8470494,Allison Conrey,2024-10-25,22:24:20,-07:00,2024-10-25T22:24:20-07:00,0,24
static\style.css,2,css,8470494,Allison Conrey,2024-10-25,22:24:20,-07:00,2024-10-25T22:24:20-07:00,0,4
static\style.css,3,css,8470494,Allison Conrey,2024-10-25,22:24:20,-07:00,2024-10-25T22:24:20-07:00,1,23
static\style.css,4,css,8470494,Allison Conrey,2024-10-25,22:24:20,-07:00,2024-10-25T22:24:20-07:00,1,15
static\style.css,5,css,8470494,Allison Conrey,2024-10-25,22:24:20,-07:00,2024-10-25T22:24:20-07:00,1,40
static\style.css,6,css,8470494,Allison Conrey,2024-10-25,22:24:20,-07:00,2024-10-25T22:24:20-07:00,0,0
static\style.css,7,css,8470494,Allison Conrey,2024-10-25,22:24:20,-07:00,2024-10-25T22:24:20-07:00,0,0
static\style.css,8,css,8470494,Allison Conrey,2024-10-25,22:24:20,-07:00,2024-10-25T22:24:20-07:00,0,52
static\style.css,9,css,8470494,Allison Conrey,2024-10-25,22:24:20,-07:00,2024-10-25T22:24:20-07:00,0,5
static\style.css,10,css,8470494,Allison Conrey,2024-10-25,22:24:20,-07:00,2024-10-25T22:24:20-07:00,1,31
static\style.css,11,css,8470494,Allison Conrey,2024-10-25,22:24:20,-07:00,2024-10-25T22:24:20-07:00,1,39
static\style.css,12,css,8470494,Allison Conrey,2024-10-25,22:24:20,-07:00,2024-10-25T22:24:20-07:00,1,23
static\style.css,13,css,8470494,Allison Conrey,2024-10-25,22:24:20,-07:00,2024-10-25T22:24:20-07:00,0,0
static\style.css,14,css,8470494,Allison Conrey,2024-10-25,22:24:20,-07:00,2024-10-25T22:24:20-07:00,0,0
static\style.css,15,css,8470494,Allison Conrey,2024-10-25,22:24:20,-07:00,2024-10-25T22:24:20-07:00,0,10
static\style.css,16,css,8470494,Allison Conrey,2024-10-25,22:24:20,-07:00,2024-10-25T22:24:20-07:00,1,32
static\style.css,17,css,8470494,Allison Conrey,2024-10-25,22:24:20,-07:00,2024-10-25T22:24:20-07:00,1,23
static\style.css,18,css,8470494,Allison Conrey,2024-10-25,22:24:20,-07:00,2024-10-25T22:24:20-07:00,1,16
static\style.css,19,css,8470494,Allison Conrey,2024-10-25,22:24:20,-07:00,2024-10-25T22:24:20-07:00,0,0
static\style.css,20,css,8470494,Allison Conrey,2024-10-25,22:24:20,-07:00,2024-10-25T22:24:20-07:00,0,0
static\style.css,21,css,8470494,Allison Conrey,2024-10-25,22:24:20,-07:00,2024-10-25T22:24:20-07:00,0,38
static\style.css,22,css,c0ca1da7,Allison Conrey,2024-11-14,15:11:34,-08:00,2024-11-14T15:11:34-08:00,0,6
static\style.css,23,css,8470494,Allison Conrey,2024-10-25,22:24:20,-07:00,2024-10-25T22:24:20-07:00,1,12
static\style.css,24,css,8470494,Allison Conrey,2024-10-25,22:24:20,-07:00,2024-10-25T22:24:20-07:00,1,28
static\style.css,25,css,8470494,Allison Conrey,2024-10-25,22:24:20,-07:00,2024-10-25T22:24:20-07:00,1,18
static\style.css,26,css,8470494,Allison Conrey,2024-10-25,22:24:20,-07:00,2024-10-25T22:24:20-07:00,1,17
static\style.css,27,css,8470494,Allison Conrey,2024-10-25,22:24:20,-07:00,2024-10-25T22:24:20-07:00,1,43
static\style.css,28,css,c0ca1da7,Allison Conrey,2024-11-14,15:11:34,-08:00,2024-11-14T15:11:34-08:00,0,2
static\style.css,29,css,8470494,Allison Conrey,2024-10-25,22:24:20,-07:00,2024-10-25T22:24:20-07:00,0,0
static\style.css,30,css,c0ca1da7,Allison Conrey,2024-11-14,15:11:34,-08:00,2024-11-14T15:11:34-08:00,0,8
static\style.css,31,css,8470494,Allison Conrey,2024-10-25,22:24:20,-07:00,2024-10-25T22:24:20-07:00,1,6
static\style.css,32,css,8470494,Allison Conrey,2024-10-25,22:24:20,-07:00,2024-10-25T22:24:20-07:00,1,17
static\style.css,33,css,8470494,Allison Conrey,2024-10-25,22:24:20,-07:00,2024-10-25T22:24:20-07:00,1,20
static\style.css,34,css,8470494,Allison Conrey,2024-10-25,22:24:20,-07:00,2024-10-25T22:24:20-07:00,1,13
static\style.css,35,css,8470494,Allison Conrey,2024-10-25,22:24:20,-07:00,2024-10-25T22:24:20-07:00,1,13
static\style.css,36,css,8470494,Allison Conrey,2024-10-25,22:24:20,-07:00,2024-10-25T22:24:20-07:00,0,0
static\style.css,37,css,8470494,Allison Conrey,2024-10-25,22:24:20,-07:00,2024-10-25T22:24:20-07:00,0,0
static\style.css,38,css,8470494,Allison Conrey,2024-10-25,22:24:20,-07:00,2024-10-25T22:24:20-07:00,0,13
static\style.css,39,css,8470494,Allison Conrey,2024-10-25,22:24:20,-07:00,2024-10-25T22:24:20-07:00,1,45
static\style.css,40,css,8470494,Allison Conrey,2024-10-25,22:24:20,-07:00,2024-10-25T22:24:20-07:00,1,20
static\style.css,41,css,8470494,Allison Conrey,2024-10-25,22:24:20,-07:00,2024-10-25T22:24:20-07:00,0,0
static\style.css,42,css,8470494,Allison Conrey,2024-10-25,22:24:20,-07:00,2024-10-25T22:24:20-07:00,0,0
static\style.css,43,css,8470494,Allison Conrey,2024-10-25,22:24:20,-07:00,2024-10-25T22:24:20-07:00,0,11
static\style.css,44,css,8470494,Allison Conrey,2024-10-25,22:24:20,-07:00,2024-10-25T22:24:20-07:00,1,45
static\style.css,45,css,8470494,Allison Conrey,2024-10-25,22:24:20,-07:00,2024-10-25T22:24:20-07:00,1,69
static\style.css,46,css,c0ca1da7,Allison Conrey,2024-11-14,15:11:34,-08:00,2024-11-14T15:11:34-08:00,0,2
static\style.css,47,css,8470494,Allison Conrey,2024-10-25,22:24:20,-07:00,2024-10-25T22:24:20-07:00,0,0
static\style.css,48,css,8470494,Allison Conrey,2024-10-25,22:24:20,-07:00,2024-10-25T22:24:20-07:00,0,16
static\style.css,49,css,8470494,Allison Conrey,2024-10-25,22:24:20,-07:00,2024-10-25T22:24:20-07:00,0,38
static\style.css,50,css,8470494,Allison Conrey,2024-10-25,22:24:20,-07:00,2024-10-25T22:24:20-07:00,1,12
static\style.css,51,css,8470494,Allison Conrey,2024-10-25,22:24:20,-07:00,2024-10-25T22:24:20-07:00,0,0
static\style.css,52,css,8470494,Allison Conrey,2024-10-25,22:24:20,-07:00,2024-10-25T22:24:20-07:00,0,0
static\style.css,53,css,8470494,Allison Conrey,2024-10-25,22:24:20,-07:00,2024-10-25T22:24:20-07:00,0,50
static\style.css,54,css,8470494,Allison Conrey,2024-10-25,22:24:20,-07:00,2024-10-25T22:24:20-07:00,1,13
static\style.css,55,css,8470494,Allison Conrey,2024-10-25,22:24:20,-07:00,2024-10-25T22:24:20-07:00,1,10
static\style.css,56,css,8470494,Allison Conrey,2024-10-25,22:24:20,-07:00,2024-10-25T22:24:20-07:00,1,21
static\style.css,57,css,8470494,Allison Conrey,2024-10-25,22:24:20,-07:00,2024-10-25T22:24:20-07:00,1,18
static\style.css,58,css,8470494,Allison Conrey,2024-10-25,22:24:20,-07:00,2024-10-25T22:24:20-07:00,0,0
static\style.css,59,css,8470494,Allison Conrey,2024-10-25,22:24:20,-07:00,2024-10-25T22:24:20-07:00,0,0
static\style.css,60,css,8470494,Allison Conrey,2024-10-25,22:24:20,-07:00,2024-10-25T22:24:20-07:00,0,4
static\style.css,61,css,8470494,Allison Conrey,2024-10-25,22:24:20,-07:00,2024-10-25T22:24:20-07:00,1,12
static\style.css,62,css,8470494,Allison Conrey,2024-10-25,22:24:20,-07:00,2024-10-25T22:24:20-07:00,1,30
static\style.css,63,css,8470494,Allison Conrey,2024-10-25,22:24:20,-07:00,2024-10-25T22:24:20-07:00,1,7
static\style.css,64,css,8470494,Allison Conrey,2024-10-25,22:24:20,-07:00,2024-10-25T22:24:20-07:00,0,0
static\style.css,65,css,8470494,Allison Conrey,2024-10-25,22:24:20,-07:00,2024-10-25T22:24:20-07:00,0,0
static\style.css,66,css,8470494,Allison Conrey,2024-10-25,22:24:20,-07:00,2024-10-25T22:24:20-07:00,0,10
static\style.css,67,css,8470494,Allison Conrey,2024-10-25,22:24:20,-07:00,2024-10-25T22:24:20-07:00,1,13
static\style.css,68,css,8470494,Allison Conrey,2024-10-25,22:24:20,-07:00,2024-10-25T22:24:20-07:00,0,0
static\style.css,69,css,8470494,Allison Conrey,2024-10-25,22:24:20,-07:00,2024-10-25T22:24:20-07:00,0,0
static\style.css,70,css,8470494,Allison Conrey,2024-10-25,22:24:20,-07:00,2024-10-25T22:24:20-07:00,0,25
static\style.css,71,css,8470494,Allison Conrey,2024-10-25,22:24:20,-07:00,2024-10-25T22:24:20-07:00,1,13
static\style.css,72,css,8470494,Allison Conrey,2024-10-25,22:24:20,-07:00,2024-10-25T22:24:20-07:00,0,0
static\style.css,73,css,8470494,Allison Conrey,2024-10-25,22:24:20,-07:00,2024-10-25T22:24:20-07:00,0,0
static\style.css,74,css,8470494,Allison Conrey,2024-10-25,22:24:20,-07:00,2024-10-25T22:24:20-07:00,0,30
static\style.css,75,css,c0ca1da7,Allison Conrey,2024-11-14,15:11:34,-08:00,2024-11-14T15:11:34-08:00,0,16
static\style.css,76,css,8470494,Allison Conrey,2024-10-25,22:24:20,-07:00,2024-10-25T22:24:20-07:00,1,17
static\style.css,77,css,8470494,Allison Conrey,2024-10-25,22:24:20,-07:00,2024-10-25T22:24:20-07:00,1,8
static\style.css,78,css,8470494,Allison Conrey,2024-10-25,22:24:20,-07:00,2024-10-25T22:24:20-07:00,1,10
static\style.css,79,css,8470494,Allison Conrey,2024-10-25,22:24:20,-07:00,2024-10-25T22:24:20-07:00,1,16
static\style.css,80,css,8470494,Allison Conrey,2024-10-25,22:24:20,-07:00,2024-10-25T22:24:20-07:00,1,19
static\style.css,81,css,8470494,Allison Conrey,2024-10-25,22:24:20,-07:00,2024-10-25T22:24:20-07:00,0,0
static\style.css,82,css,8470494,Allison Conrey,2024-10-25,22:24:20,-07:00,2024-10-25T22:24:20-07:00,0,0
static\style.css,83,css,8470494,Allison Conrey,2024-10-25,22:24:20,-07:00,2024-10-25T22:24:20-07:00,0,20
static\style.css,84,css,8470494,Allison Conrey,2024-10-25,22:24:20,-07:00,2024-10-25T22:24:20-07:00,1,13
static\style.css,85,css,8470494,Allison Conrey,2024-10-25,22:24:20,-07:00,2024-10-25T22:24:20-07:00,1,12
static\style.css,86,css,c0ca1da7,Allison Conrey,2024-11-14,15:11:34,-08:00,2024-11-14T15:11:34-08:00,0,2
static\style.css,87,css,8470494,Allison Conrey,2024-10-25,22:24:20,-07:00,2024-10-25T22:24:20-07:00,0,0
static\style.css,88,css,8470494,Allison Conrey,2024-10-25,22:24:20,-07:00,2024-10-25T22:24:20-07:00,0,39
static\style.css,89,css,8470494,Allison Conrey,2024-10-25,22:24:20,-07:00,2024-10-25T22:24:20-07:00,0,9
static\style.css,90,css,8470494,Allison Conrey,2024-10-25,22:24:20,-07:00,2024-10-25T22:24:20-07:00,1,12
static\style.css,91,css,8470494,Allison Conrey,2024-10-25,22:24:20,-07:00,2024-10-25T22:24:20-07:00,1,58
static\style.css,92,css,8470494,Allison Conrey,2024-10-25,22:24:20,-07:00,2024-10-25T22:24:20-07:00,1,7
static\style.css,93,css,8470494,Allison Conrey,2024-10-25,22:24:20,-07:00,2024-10-25T22:24:20-07:00,0,0
static\style.css,94,css,8470494,Allison Conrey,2024-10-25,22:24:20,-07:00,2024-10-25T22:24:20-07:00,0,0
static\style.css,95,css,c0ca1da7,Allison Conrey,2024-11-14,15:11:34,-08:00,2024-11-14T15:11:34-08:00,0,20
static\style.css,96,css,c0ca1da7,Allison Conrey,2024-11-14,15:11:34,-08:00,2024-11-14T15:11:34-08:00,1,11
static\style.css,97,css,8470494,Allison Conrey,2024-10-25,22:24:20,-07:00,2024-10-25T22:24:20-07:00,0,0
static\style.css,98,css,8470494,Allison Conrey,2024-10-25,22:24:20,-07:00,2024-10-25T22:24:20-07:00,0,0
static\style.css,99,css,c0ca1da7,Allison Conrey,2024-11-14,15:11:34,-08:00,2024-11-14T15:11:34-08:00,0,14
static\style.css,100,css,c0ca1da7,Allison Conrey,2024-11-14,15:11:34,-08:00,2024-11-14T15:11:34-08:00,1,11
static\style.css,101,css,8470494,Allison Conrey,2024-10-25,22:24:20,-07:00,2024-10-25T22:24:20-07:00,1,11
static\style.css,102,css,c0ca1da7,Allison Conrey,2024-11-14,15:11:34,-08:00,2024-11-14T15:11:34-08:00,1,17
static\style.css,103,css,c0ca1da7,Allison Conrey,2024-11-14,15:11:34,-08:00,2024-11-14T15:11:34-08:00,1,39
static\style.css,104,css,8470494,Allison Conrey,2024-10-25,22:24:20,-07:00,2024-10-25T22:24:20-07:00,0,0
static\global.js,1,js,c0ca1da7,Allison Conrey,2024-11-14,15:11:34,-08:00,2024-11-14T15:11:34-08:00,0,28
static\global.js,2,js,c0ca1da7,Allison Conrey,2024-11-14,15:11:34,-08:00,2024-11-14T15:11:34-08:00,0,0
static\global.js,3,js,c0ca1da7,Allison Conrey,2024-11-14,15:11:34,-08:00,2024-11-14T15:11:34-08:00,0,44
static\global.js,4,js,c0ca1da7,Allison Conrey,2024-11-14,15:11:34,-08:00,2024-11-14T15:11:34-08:00,0,57
static\global.js,5,js,c0ca1da7,Allison Conrey,2024-11-14,15:11:34,-08:00,2024-11-14T15:11:34-08:00,0,2
static\global.js,6,js,c0ca1da7,Allison Conrey,2024-11-14,15:11:34,-08:00,2024-11-14T15:11:34-08:00,0,0
static\global.js,7,js,c0ca1da7,Allison Conrey,2024-11-14,15:11:34,-08:00,2024-11-14T15:11:34-08:00,0,35
static\global.js,8,js,c0ca1da7,Allison Conrey,2024-11-14,15:11:34,-08:00,2024-11-14T15:11:34-08:00,0,14
static\global.js,9,js,c0ca1da7,Allison Conrey,2024-11-14,15:11:34,-08:00,2024-11-14T15:11:34-08:00,0,32
static\global.js,10,js,c0ca1da7,Allison Conrey,2024-11-14,15:11:34,-08:00,2024-11-14T15:11:34-08:00,0,42
static\global.js,11,js,c0ca1da7,Allison Conrey,2024-11-14,15:11:34,-08:00,2024-11-14T15:11:34-08:00,0,40
static\global.js,12,js,c0ca1da7,Allison Conrey,2024-11-14,15:11:34,-08:00,2024-11-14T15:11:34-08:00,0,132
static\global.js,13,js,c0ca1da7,Allison Conrey,2024-11-14,15:11:34,-08:00,2024-11-14T15:11:34-08:00,0,80
static\global.js,14,js,c0ca1da7,Allison Conrey,2024-11-14,15:11:34,-08:00,2024-11-14T15:11:34-08:00,0,3
static\global.js,15,js,c0ca1da7,Allison Conrey,2024-11-14,15:11:34,-08:00,2024-11-14T15:11:34-08:00,0,0
static\global.js,16,js,c0ca1da7,Allison Conrey,2024-11-14,15:11:34,-08:00,2024-11-14T15:11:34-08:00,0,60
static\global.js,17,js,c0ca1da7,Allison Conrey,2024-11-14,15:11:34,-08:00,2024-11-14T15:11:34-08:00,0,44
static\global.js,18,js,c0ca1da7,Allison Conrey,2024-11-14,15:11:34,-08:00,2024-11-14T15:11:34-08:00,0,31
static\global.js,19,js,c0ca1da7,Allison Conrey,2024-11-14,15:11:34,-08:00,2024-11-14T15:11:34-08:00,0,0
static\global.js,20,js,c0ca1da7,Allison Conrey,2024-11-14,15:11:34,-08:00,2024-11-14T15:11:34-08:00,0,49
static\global.js,21,js,c0ca1da7,Allison Conrey,2024-11-14,15:11:34,-08:00,2024-11-14T15:11:34-08:00,0,26
static\global.js,22,js,c0ca1da7,Allison Conrey,2024-11-14,15:11:34,-08:00,2024-11-14T15:11:34-08:00,0,22
static\global.js,23,js,c0ca1da7,Allison Conrey,2024-11-14,15:11:34,-08:00,2024-11-14T15:11:34-08:00,0,26
static\global.js,24,js,c0ca1da7,Allison Conrey,2024-11-14,15:11:34,-08:00,2024-11-14T15:11:34-08:00,0,0
static\global.js,25,js,c0ca1da7,Allison Conrey,2024-11-14,15:11:34,-08:00,2024-11-14T15:11:34-08:00,0,47
static\global.js,26,js,c0ca1da7,Allison Conrey,2024-11-14,15:11:34,-08:00,2024-11-14T15:11:34-08:00,0,42
static\global.js,27,js,c0ca1da7,Allison Conrey,2024-11-14,15:11:34,-08:00,2024-11-14T15:11:34-08:00,0,19
static\global.js,28,js,c0ca1da7,Allison Conrey,2024-11-14,15:11:34,-08:00,2024-11-14T15:11:34-08:00,0,28
static\global.js,29,js,c0ca1da7,Allison Conrey,2024-11-14,15:11:34,-08:00,2024-11-14T15:11:34-08:00,0,20
static\global.js,30,js,c0ca1da7,Allison Conrey,2024-11-14,15:11:34,-08:00,2024-11-14T15:11:34-08:00,0,0
static\global.js,31,js,c0ca1da7,Allison Conrey,2024-11-14,15:11:34,-08:00,2024-11-14T15:11:34-08:00,0,47
static\global.js,32,js,c0ca1da7,Allison Conrey,2024-11-14,15:11:34,-08:00,2024-11-14T15:11:34-08:00,0,23
static\global.js,33,js,c0ca1da7,Allison Conrey,2024-11-14,15:11:34,-08:00,2024-11-14T15:11:34-08:00,0,28
static\global.js,34,js,c0ca1da7,Allison Conrey,2024-11-14,15:11:34,-08:00,2024-11-14T15:11:34-08:00,0,7
static\global.js,35,js,c0ca1da7,Allison Conrey,2024-11-14,15:11:34,-08:00,2024-11-14T15:11:34-08:00,0,0
static\global.js,36,js,c0ca1da7,Allison Conrey,2024-11-14,15:11:34,-08:00,2024-11-14T15:11:34-08:00,0,35
static\global.js,37,js,c0ca1da7,Allison Conrey,2024-11-14,15:11:34,-08:00,2024-11-14T15:11:34-08:00,0,98
static\global.js,38,js,c0ca1da7,Allison Conrey,2024-11-14,15:11:34,-08:00,2024-11-14T15:11:34-08:00,0,5
static\global.js,39,js,c0ca1da7,Allison Conrey,2024-11-14,15:11:34,-08:00,2024-11-14T15:11:34-08:00,0,0
static\global.js,40,js,c0ca1da7,Allison Conrey,2024-11-14,15:11:34,-08:00,2024-11-14T15:11:34-08:00,0,28
static\global.js,41,js,c0ca1da7,Allison Conrey,2024-11-14,15:11:34,-08:00,2024-11-14T15:11:34-08:00,0,0
static\global.js,42,js,c0ca1da7,Allison Conrey,2024-11-14,15:11:34,-08:00,2024-11-14T15:11:34-08:00,0,51
static\global.js,43,js,c0ca1da7,Allison Conrey,2024-11-14,15:11:34,-08:00,2024-11-14T15:11:34-08:00,0,34
static\global.js,44,js,c0ca1da7,Allison Conrey,2024-11-14,15:11:34,-08:00,2024-11-14T15:11:34-08:00,0,16
static\global.js,45,js,c0ca1da7,Allison Conrey,2024-11-14,15:11:34,-08:00,2024-11-14T15:11:34-08:00,0,7
static\global.js,46,js,c0ca1da7,Allison Conrey,2024-11-14,15:11:34,-08:00,2024-11-14T15:11:34-08:00,0,33
static\global.js,47,js,c0ca1da7,Allison Conrey,2024-11-14,15:11:34,-08:00,2024-11-14T15:11:34-08:00,0,12
static\global.js,48,js,c0ca1da7,Allison Conrey,2024-11-14,15:11:34,-08:00,2024-11-14T15:11:34-08:00,0,14
static\global.js,49,js,c0ca1da7,Allison Conrey,2024-11-14,15:11:34,-08:00,2024-11-14T15:11:34-08:00,0,52
static\global.js,50,js,c0ca1da7,Allison Conrey,2024-11-14,15:11:34,-08:00,2024-11-14T15:11:34-08:00,0,43
static\global.js,51,js,c0ca1da7,Allison Conrey,2024-11-14,15:11:34,-08:00,2024-11-14T15:11:34-08:00,0,41
static\global.js,52,js,c0ca1da7,Allison Conrey,2024-11-14,15:11:34,-08:00,2024-11-14T15:11:34-08:00,0,15
static\global.js,53,js,c0ca1da7,Allison Conrey,2024-11-14,15:11:34,-08:00,2024-11-14T15:11:34-08:00,0,14
static\global.js,54,js,c0ca1da7,Allison Conrey,2024-11-14,15:11:34,-08:00,2024-11-14T15:11:34-08:00,0,3
static\global.js,55,js,c0ca1da7,Allison Conrey,2024-11-14,15:11:34,-08:00,2024-11-14T15:11:34-08:00,0,0
static\global.js,56,js,c0ca1da7,Allison Conrey,2024-11-14,15:11:34,-08:00,2024-11-14T15:11:34-08:00,0,46
static\global.js,57,js,c0ca1da7,Allison Conrey,2024-11-14,15:11:34,-08:00,2024-11-14T15:11:34-08:00,0,63
static\global.js,58,js,c0ca1da7,Allison Conrey,2024-11-14,15:11:34,-08:00,2024-11-14T15:11:34-08:00,0,0
static\global.js,59,js,c0ca1da7,Allison Conrey,2024-11-14,15:11:34,-08:00,2024-11-14T15:11:34-08:00,0,58
static\global.js,60,js,c0ca1da7,Allison Conrey,2024-11-14,15:11:34,-08:00,2024-11-14T15:11:34-08:00,0,52
static\global.js,61,js,c0ca1da7,Allison Conrey,2024-11-14,15:11:34,-08:00,2024-11-14T15:11:34-08:00,0,82
static\global.js,62,js,c0ca1da7,Allison Conrey,2024-11-14,15:11:34,-08:00,2024-11-14T15:11:34-08:00,0,79
static\global.js,63,js,c0ca1da7,Allison Conrey,2024-11-14,15:11:34,-08:00,2024-11-14T15:11:34-08:00,0,4
static\global.js,64,js,c0ca1da7,Allison Conrey,2024-11-14,15:11:34,-08:00,2024-11-14T15:11:34-08:00,0,0
static\global.js,65,js,c0ca1da7,Allison Conrey,2024-11-14,15:11:34,-08:00,2024-11-14T15:11:34-08:00,0,59
static\global.js,66,js,c0ca1da7,Allison Conrey,2024-11-14,15:11:34,-08:00,2024-11-14T15:11:34-08:00,0,37
static\global.js,67,js,c0ca1da7,Allison Conrey,2024-11-14,15:11:34,-08:00,2024-11-14T15:11:34-08:00,0,88
static\global.js,68,js,c0ca1da7,Allison Conrey,2024-11-14,15:11:34,-08:00,2024-11-14T15:11:34-08:00,0,102
static\global.js,69,js,c0ca1da7,Allison Conrey,2024-11-14,15:11:34,-08:00,2024-11-14T15:11:34-08:00,0,2
static\global.js,70,js,c0ca1da7,Allison Conrey,2024-11-14,15:11:34,-08:00,2024-11-14T15:11:34-08:00,0,33
static\global.js,71,js,c0ca1da7,Allison Conrey,2024-11-14,15:11:34,-08:00,2024-11-14T15:11:34-08:00,0,54
static\global.js,72,js,c0ca1da7,Allison Conrey,2024-11-14,15:11:34,-08:00,2024-11-14T15:11:34-08:00,0,0
static\global.js,73,js,c0ca1da7,Allison Conrey,2024-11-14,15:11:34,-08:00,2024-11-14T15:11:34-08:00,0,41
static\global.js,74,js,c0ca1da7,Allison Conrey,2024-11-14,15:11:34,-08:00,2024-11-14T15:11:34-08:00,0,51
static\global.js,75,js,c0ca1da7,Allison Conrey,2024-11-14,15:11:34,-08:00,2024-11-14T15:11:34-08:00,0,65
static\global.js,76,js,c0ca1da7,Allison Conrey,2024-11-14,15:11:34,-08:00,2024-11-14T15:11:34-08:00,0,0
static\global.js,77,js,c0ca1da7,Allison Conrey,2024-11-14,15:11:34,-08:00,2024-11-14T15:11:34-08:00,0,55
static\global.js,78,js,c0ca1da7,Allison Conrey,2024-11-14,15:11:34,-08:00,2024-11-14T15:11:34-08:00,0,0
static\global.js,79,js,c0ca1da7,Allison Conrey,2024-11-14,15:11:34,-08:00,2024-11-14T15:11:34-08:00,0,40
static\global.js,80,js,c0ca1da7,Allison Conrey,2024-11-14,15:11:34,-08:00,2024-11-14T15:11:34-08:00,0,59
static\global.js,81,js,c0ca1da7,Allison Conrey,2024-11-14,15:11:34,-08:00,2024-11-14T15:11:34-08:00,0,57
static\global.js,82,js,c0ca1da7,Allison Conrey,2024-11-14,15:11:34,-08:00,2024-11-14T15:11:34-08:00,0,0
static\global.js,83,js,c0ca1da7,Allison Conrey,2024-11-14,15:11:34,-08:00,2024-11-14T15:11:34-08:00,0,70
static\global.js,84,js,c0ca1da7,Allison Conrey,2024-11-14,15:11:34,-08:00,2024-11-14T15:11:34-08:00,0,47
static\global.js,85,js,c0ca1da7,Allison Conrey,2024-11-14,15:11:34,-08:00,2024-11-14T15:11:34-08:00,0,0
static\global.js,86,js,c0ca1da7,Allison Conrey,2024-11-14,15:11:34,-08:00,2024-11-14T15:11:34-08:00,0,51
static\global.js,87,js,c0ca1da7,Allison Conrey,2024-11-14,15:11:34,-08:00,2024-11-14T15:11:34-08:00,0,84
static\global.js,88,js,c0ca1da7,Allison Conrey,2024-11-14,15:11:34,-08:00,2024-11-14T15:11:34-08:00,0,0
static\global.js,89,js,c0ca1da7,Allison Conrey,2024-11-14,15:11:34,-08:00,2024-11-14T15:11:34-08:00,0,75
static\global.js,90,js,c0ca1da7,Allison Conrey,2024-11-14,15:11:34,-08:00,2024-11-14T15:11:34-08:00,0,29
static\global.js,91,js,c0ca1da7,Allison Conrey,2024-11-14,15:11:34,-08:00,2024-11-14T15:11:34-08:00,0,4
src\app.html,1,html,8470494,Allison Conrey,2024-10-25,22:24:20,-07:00,2024-10-25T22:24:20-07:00,0,13
src\app.html,2,html,8470494,Allison Conrey,2024-10-25,22:24:20,-07:00,2024-10-25T22:24:20-07:00,0,14
src\app.html,3,html,8470494,Allison Conrey,2024-10-25,22:24:20,-07:00,2024-10-25T22:24:20-07:00,0,4
src\app.html,4,html,8470494,Allison Conrey,2024-10-25,22:24:20,-07:00,2024-10-25T22:24:20-07:00,0,22
src\app.html,5,html,8470494,Allison Conrey,2024-10-25,22:24:20,-07:00,2024-10-25T22:24:20-07:00,0,55
src\app.html,6,html,8470494,Allison Conrey,2024-10-25,22:24:20,-07:00,2024-10-25T22:24:20-07:00,0,68
src\app.html,7,html,8470494,Allison Conrey,2024-10-25,22:24:20,-07:00,2024-10-25T22:24:20-07:00,0,0
src\app.html,8,html,8470494,Allison Conrey,2024-10-25,22:24:20,-07:00,2024-10-25T22:24:20-07:00,0,36
src\app.html,9,html,8470494,Allison Conrey,2024-10-25,22:24:20,-07:00,2024-10-25T22:24:20-07:00,0,56
src\app.html,10,html,8470494,Allison Conrey,2024-10-25,22:24:20,-07:00,2024-10-25T22:24:20-07:00,0,0
src\app.html,11,html,8470494,Allison Conrey,2024-10-25,22:24:20,-07:00,2024-10-25T22:24:20-07:00,0,32
src\app.html,12,html,8470494,Allison Conrey,2024-10-25,22:24:20,-07:00,2024-10-25T22:24:20-07:00,0,41
src\app.html,13,html,8470494,Allison Conrey,2024-10-25,22:24:20,-07:00,2024-10-25T22:24:20-07:00,0,0
src\app.html,14,html,8470494,Allison Conrey,2024-10-25,22:24:20,-07:00,2024-10-25T22:24:20-07:00,0,39
src\app.html,15,html,8470494,Allison Conrey,2024-10-25,22:24:20,-07:00,2024-10-25T22:24:20-07:00,0,46
src\app.html,16,html,8470494,Allison Conrey,2024-10-25,22:24:20,-07:00,2024-10-25T22:24:20-07:00,0,0
src\app.html,17,html,8470494,Allison Conrey,2024-10-25,22:24:20,-07:00,2024-10-25T22:24:20-07:00,0,14
src\app.html,18,html,8470494,Allison Conrey,2024-10-25,22:24:20,-07:00,2024-10-25T22:24:20-07:00,0,5
src\app.html,19,html,8470494,Allison Conrey,2024-10-25,22:24:20,-07:00,2024-10-25T22:24:20-07:00,0,40
src\app.html,20,html,8470494,Allison Conrey,2024-10-25,22:24:20,-07:00,2024-10-25T22:24:20-07:00,0,51
src\app.html,21,html,8470494,Allison Conrey,2024-10-25,22:24:20,-07:00,2024-10-25T22:24:20-07:00,0,5
src\app.html,22,html,8470494,Allison Conrey,2024-10-25,22:24:20,-07:00,2024-10-25T22:24:20-07:00,0,5
src\routes\+page.svelte,1,svelte,c0ca1da7,Allison Conrey,2024-11-14,15:11:34,-08:00,2024-11-14T15:11:34-08:00,0,6
src\routes\+page.svelte,2,js,c0ca1da7,Allison Conrey,2024-11-14,15:11:34,-08:00,2024-11-14T15:11:34-08:00,2,31
src\routes\+page.svelte,3,js,c0ca1da7,Allison Conrey,2024-11-14,15:11:34,-08:00,2024-11-14T15:11:34-08:00,2,40
src\routes\+page.svelte,4,js,c0ca1da7,Allison Conrey,2024-11-14,15:11:34,-08:00,2024-11-14T15:11:34-08:00,2,40
src\routes\+page.svelte,5,js,c0ca1da7,Allison Conrey,2024-11-14,15:11:34,-08:00,2024-11-14T15:11:34-08:00,0,0
src\routes\+page.svelte,6,js,c0ca1da7,Allison Conrey,2024-11-14,15:11:34,-08:00,2024-11-14T15:11:34-08:00,2,21
src\routes\+page.svelte,7,js,c0ca1da7,Allison Conrey,2024-11-14,15:11:34,-08:00,2024-11-14T15:11:34-08:00,2,15
src\routes\+page.svelte,8,js,c0ca1da7,Allison Conrey,2024-11-14,15:11:34,-08:00,2024-11-14T15:11:34-08:00,0,0
src\routes\+page.svelte,9,js,c0ca1da7,Allison Conrey,2024-11-14,15:11:34,-08:00,2024-11-14T15:11:34-08:00,2,30
src\routes\+page.svelte,10,js,c0ca1da7,Allison Conrey,2024-11-14,15:11:34,-08:00,2024-11-14T15:11:34-08:00,2,19
src\routes\+page.svelte,11,js,c0ca1da7,Allison Conrey,2024-11-14,15:11:34,-08:00,2024-11-14T15:11:34-08:00,4,3
src\routes\+page.svelte,12,js,c0ca1da7,Allison Conrey,2024-11-14,15:11:34,-08:00,2024-11-14T15:11:34-08:00,6,74
src\routes\+page.svelte,13,js,c0ca1da7,Allison Conrey,2024-11-14,15:11:34,-08:00,2024-11-14T15:11:34-08:00,6,75
src\routes\+page.svelte,14,js,c0ca1da7,Allison Conrey,2024-11-14,15:11:34,-08:00,2024-11-14T15:11:34-08:00,6,34
src\routes\+page.svelte,15,js,c0ca1da7,Allison Conrey,2024-11-14,15:11:34,-08:00,2024-11-14T15:11:34-08:00,4,13
src\routes\+page.svelte,16,js,c0ca1da7,Allison Conrey,2024-11-14,15:11:34,-08:00,2024-11-14T15:11:34-08:00,6,48
src\routes\+page.svelte,17,js,c0ca1da7,Allison Conrey,2024-11-14,15:11:34,-08:00,2024-11-14T15:11:34-08:00,6,10
src\routes\+page.svelte,18,js,c0ca1da7,Allison Conrey,2024-11-14,15:11:34,-08:00,2024-11-14T15:11:34-08:00,4,0
src\routes\+page.svelte,19,js,c0ca1da7,Allison Conrey,2024-11-14,15:11:34,-08:00,2024-11-14T15:11:34-08:00,2,1
src\routes\+page.svelte,20,svelte,c0ca1da7,Allison Conrey,2024-11-14,15:11:34,-08:00,2024-11-14T15:11:34-08:00,0,7
src\routes\+page.svelte,21,svelte,c0ca1da7,Allison Conrey,2024-11-14,15:11:34,-08:00,2024-11-14T15:11:34-08:00,0,0
src\routes\+page.svelte,22,svelte,c0ca1da7,Allison Conrey,2024-11-14,15:11:34,-08:00,2024-11-14T15:11:34-08:00,0,21
src\routes\+page.svelte,23,svelte,c0ca1da7,Allison Conrey,2024-11-14,15:11:34,-08:00,2024-11-14T15:11:34-08:00,2,30
src\routes\+page.svelte,24,svelte,c0ca1da7,Allison Conrey,2024-11-14,15:11:34,-08:00,2024-11-14T15:11:34-08:00,2,25
src\routes\+page.svelte,25,svelte,c0ca1da7,Allison Conrey,2024-11-14,15:11:34,-08:00,2024-11-14T15:11:34-08:00,4,108
src\routes\+page.svelte,26,svelte,c0ca1da7,Allison Conrey,2024-11-14,15:11:34,-08:00,2024-11-14T15:11:34-08:00,4,22
src\routes\+page.svelte,27,svelte,c0ca1da7,Allison Conrey,2024-11-14,15:11:34,-08:00,2024-11-14T15:11:34-08:00,6,21
src\routes\+page.svelte,28,svelte,c0ca1da7,Allison Conrey,2024-11-14,15:11:34,-08:00,2024-11-14T15:11:34-08:00,6,137
src\routes\+page.svelte,29,svelte,c0ca1da7,Allison Conrey,2024-11-14,15:11:34,-08:00,2024-11-14T15:11:34-08:00,4,4
src\routes\+page.svelte,30,svelte,c0ca1da7,Allison Conrey,2024-11-14,15:11:34,-08:00,2024-11-14T15:11:34-08:00,2,4
src\routes\+page.svelte,31,svelte,c0ca1da7,Allison Conrey,2024-11-14,15:11:34,-08:00,2024-11-14T15:11:34-08:00,0,8
src\routes\+page.svelte,32,svelte,c0ca1da7,Allison Conrey,2024-11-14,15:11:34,-08:00,2024-11-14T15:11:34-08:00,0,0
src\routes\+page.svelte,33,svelte,c0ca1da7,Allison Conrey,2024-11-14,15:11:34,-08:00,2024-11-14T15:11:34-08:00,0,28
src\routes\+page.svelte,34,svelte,c0ca1da7,Allison Conrey,2024-11-14,15:11:34,-08:00,2024-11-14T15:11:34-08:00,2,22
src\routes\+page.svelte,35,svelte,c0ca1da7,Allison Conrey,2024-11-14,15:11:34,-08:00,2024-11-14T15:11:34-08:00,2,9
src\routes\+page.svelte,36,svelte,c0ca1da7,Allison Conrey,2024-11-14,15:11:34,-08:00,2024-11-14T15:11:34-08:00,4,56
src\routes\+page.svelte,37,svelte,c0ca1da7,Allison Conrey,2024-11-14,15:11:34,-08:00,2024-11-14T15:11:34-08:00,2,20
src\routes\+page.svelte,38,svelte,c0ca1da7,Allison Conrey,2024-11-14,15:11:34,-08:00,2024-11-14T15:11:34-08:00,4,24
src\routes\+page.svelte,39,svelte,c0ca1da7,Allison Conrey,2024-11-14,15:11:34,-08:00,2024-11-14T15:11:34-08:00,6,16
src\routes\+page.svelte,40,svelte,c0ca1da7,Allison Conrey,2024-11-14,15:11:34,-08:00,2024-11-14T15:11:34-08:00,8,16
src\routes\+page.svelte,41,svelte,c0ca1da7,Allison Conrey,2024-11-14,15:11:34,-08:00,2024-11-14T15:11:34-08:00,8,30
src\routes\+page.svelte,42,svelte,c0ca1da7,Allison Conrey,2024-11-14,15:11:34,-08:00,2024-11-14T15:11:34-08:00,6,4
src\routes\+page.svelte,43,svelte,c0ca1da7,Allison Conrey,2024-11-14,15:11:34,-08:00,2024-11-14T15:11:34-08:00,6,16
src\routes\+page.svelte,44,svelte,c0ca1da7,Allison Conrey,2024-11-14,15:11:34,-08:00,2024-11-14T15:11:34-08:00,8,16
src\routes\+page.svelte,45,svelte,c0ca1da7,Allison Conrey,2024-11-14,15:11:34,-08:00,2024-11-14T15:11:34-08:00,8,30
src\routes\+page.svelte,46,svelte,c0ca1da7,Allison Conrey,2024-11-14,15:11:34,-08:00,2024-11-14T15:11:34-08:00,6,4
src\routes\+page.svelte,47,svelte,c0ca1da7,Allison Conrey,2024-11-14,15:11:34,-08:00,2024-11-14T15:11:34-08:00,6,16
src\routes\+page.svelte,48,svelte,c0ca1da7,Allison Conrey,2024-11-14,15:11:34,-08:00,2024-11-14T15:11:34-08:00,8,19
src\routes\+page.svelte,49,svelte,c0ca1da7,Allison Conrey,2024-11-14,15:11:34,-08:00,2024-11-14T15:11:34-08:00,8,33
src\routes\+page.svelte,50,svelte,c0ca1da7,Allison Conrey,2024-11-14,15:11:34,-08:00,2024-11-14T15:11:34-08:00,6,4
src\routes\+page.svelte,51,svelte,c0ca1da7,Allison Conrey,2024-11-14,15:11:34,-08:00,2024-11-14T15:11:34-08:00,6,16
src\routes\+page.svelte,52,svelte,c0ca1da7,Allison Conrey,2024-11-14,15:11:34,-08:00,2024-11-14T15:11:34-08:00,8,19
src\routes\+page.svelte,53,svelte,c0ca1da7,Allison Conrey,2024-11-14,15:11:34,-08:00,2024-11-14T15:11:34-08:00,8,33
src\routes\+page.svelte,54,svelte,c0ca1da7,Allison Conrey,2024-11-14,15:11:34,-08:00,2024-11-14T15:11:34-08:00,6,4
src\routes\+page.svelte,55,svelte,c0ca1da7,Allison Conrey,2024-11-14,15:11:34,-08:00,2024-11-14T15:11:34-08:00,4,3
src\routes\+page.svelte,56,svelte,c0ca1da7,Allison Conrey,2024-11-14,15:11:34,-08:00,2024-11-14T15:11:34-08:00,2,5
src\routes\+page.svelte,57,svelte,c0ca1da7,Allison Conrey,2024-11-14,15:11:34,-08:00,2024-11-14T15:11:34-08:00,4,27
src\routes\+page.svelte,58,svelte,c0ca1da7,Allison Conrey,2024-11-14,15:11:34,-08:00,2024-11-14T15:11:34-08:00,2,3
src\routes\+page.svelte,59,svelte,c0ca1da7,Allison Conrey,2024-11-14,15:11:34,-08:00,2024-11-14T15:11:34-08:00,0,8
src\routes\+page.svelte,60,svelte,c0ca1da7,Allison Conrey,2024-11-14,15:11:34,-08:00,2024-11-14T15:11:34-08:00,0,0
src\routes\+page.svelte,61,svelte,c0ca1da7,Allison Conrey,2024-11-14,15:11:34,-08:00,2024-11-14T15:11:34-08:00,0,31
src\routes\+page.svelte,62,svelte,c0ca1da7,Allison Conrey,2024-11-14,15:11:34,-08:00,2024-11-14T15:11:34-08:00,2,22
src\routes\+page.svelte,63,svelte,c0ca1da7,Allison Conrey,2024-11-14,15:11:34,-08:00,2024-11-14T15:11:34-08:00,2,31
src\routes\+page.svelte,64,svelte,c0ca1da7,Allison Conrey,2024-11-14,15:11:34,-08:00,2024-11-14T15:11:34-08:00,4,31
src\routes\+page.svelte,65,svelte,c0ca1da7,Allison Conrey,2024-11-14,15:11:34,-08:00,2024-11-14T15:11:34-08:00,6,29
src\routes\+page.svelte,66,svelte,c0ca1da7,Allison Conrey,2024-11-14,15:11:34,-08:00,2024-11-14T15:11:34-08:00,4,5
src\routes\+page.svelte,67,svelte,c0ca1da7,Allison Conrey,2024-11-14,15:11:34,-08:00,2024-11-14T15:11:34-08:00,2,4
src\routes\+page.svelte,68,svelte,c0ca1da7,Allison Conrey,2024-11-14,15:11:34,-08:00,2024-11-14T15:11:34-08:00,0,8
src\routes\+page.svelte,69,svelte,c0ca1da7,Allison Conrey,2024-11-14,15:11:34,-08:00,2024-11-14T15:11:34-08:00,0,0
src\routes\+page.svelte,70,svelte,c0ca1da7,Allison Conrey,2024-11-14,15:11:34,-08:00,2024-11-14T15:11:34-08:00,0,5
src\routes\+page.svelte,71,css,c0ca1da7,Allison Conrey,2024-11-14,15:11:34,-08:00,2024-11-14T15:11:34-08:00,2,51
src\routes\+page.svelte,72,css,c0ca1da7,Allison Conrey,2024-11-14,15:11:34,-08:00,2024-11-14T15:11:34-08:00,2,5
src\routes\+page.svelte,73,css,c0ca1da7,Allison Conrey,2024-11-14,15:11:34,-08:00,2024-11-14T15:11:34-08:00,4,49
src\routes\+page.svelte,74,css,c0ca1da7,Allison Conrey,2024-11-14,15:11:34,-08:00,2024-11-14T15:11:34-08:00,4,64
src\routes\+page.svelte,75,css,c0ca1da7,Allison Conrey,2024-11-14,15:11:34,-08:00,2024-11-14T15:11:34-08:00,2,0
src\routes\+page.svelte,76,css,c0ca1da7,Allison Conrey,2024-11-14,15:11:34,-08:00,2024-11-14T15:11:34-08:00,0,0
src\routes\+page.svelte,77,css,c0ca1da7,Allison Conrey,2024-11-14,15:11:34,-08:00,2024-11-14T15:11:34-08:00,2,24
src\routes\+page.svelte,78,css,c0ca1da7,Allison Conrey,2024-11-14,15:11:34,-08:00,2024-11-14T15:11:34-08:00,4,52
src\routes\+page.svelte,79,css,c0ca1da7,Allison Conrey,2024-11-14,15:11:34,-08:00,2024-11-14T15:11:34-08:00,4,59
src\routes\+page.svelte,80,css,c0ca1da7,Allison Conrey,2024-11-14,15:11:34,-08:00,2024-11-14T15:11:34-08:00,2,0
src\routes\+page.svelte,81,css,c0ca1da7,Allison Conrey,2024-11-14,15:11:34,-08:00,2024-11-14T15:11:34-08:00,0,0
src\routes\+page.svelte,82,css,c0ca1da7,Allison Conrey,2024-11-14,15:11:34,-08:00,2024-11-14T15:11:34-08:00,2,59
src\routes\+page.svelte,83,css,c0ca1da7,Allison Conrey,2024-11-14,15:11:34,-08:00,2024-11-14T15:11:34-08:00,2,13
src\routes\+page.svelte,84,css,c0ca1da7,Allison Conrey,2024-11-14,15:11:34,-08:00,2024-11-14T15:11:34-08:00,4,40
src\routes\+page.svelte,85,css,c0ca1da7,Allison Conrey,2024-11-14,15:11:34,-08:00,2024-11-14T15:11:34-08:00,4,23
src\routes\+page.svelte,86,css,c0ca1da7,Allison Conrey,2024-11-14,15:11:34,-08:00,2024-11-14T15:11:34-08:00,4,17
src\routes\+page.svelte,87,css,c0ca1da7,Allison Conrey,2024-11-14,15:11:34,-08:00,2024-11-14T15:11:34-08:00,4,18
src\routes\+page.svelte,88,css,c0ca1da7,Allison Conrey,2024-11-14,15:11:34,-08:00,2024-11-14T15:11:34-08:00,4,15
src\routes\+page.svelte,89,css,c0ca1da7,Allison Conrey,2024-11-14,15:11:34,-08:00,2024-11-14T15:11:34-08:00,2,0
src\routes\+page.svelte,90,css,c0ca1da7,Allison Conrey,2024-11-14,15:11:34,-08:00,2024-11-14T15:11:34-08:00,0,0
src\routes\+page.svelte,91,css,c0ca1da7,Allison Conrey,2024-11-14,15:11:34,-08:00,2024-11-14T15:11:34-08:00,2,16
src\routes\+page.svelte,92,css,c0ca1da7,Allison Conrey,2024-11-14,15:11:34,-08:00,2024-11-14T15:11:34-08:00,4,16
src\routes\+page.svelte,93,css,c0ca1da7,Allison Conrey,2024-11-14,15:11:34,-08:00,2024-11-14T15:11:34-08:00,4,18
src\routes\+page.svelte,94,css,c0ca1da7,Allison Conrey,2024-11-14,15:11:34,-08:00,2024-11-14T15:11:34-08:00,4,23
src\routes\+page.svelte,95,css,c0ca1da7,Allison Conrey,2024-11-14,15:11:34,-08:00,2024-11-14T15:11:34-08:00,2,0
src\routes\+page.svelte,96,css,c0ca1da7,Allison Conrey,2024-11-14,15:11:34,-08:00,2024-11-14T15:11:34-08:00,0,0
src\routes\+page.svelte,97,css,c0ca1da7,Allison Conrey,2024-11-14,15:11:34,-08:00,2024-11-14T15:11:34-08:00,2,14
src\routes\+page.svelte,98,css,c0ca1da7,Allison Conrey,2024-11-14,15:11:34,-08:00,2024-11-14T15:11:34-08:00,4,12
src\routes\+page.svelte,99,css,c0ca1da7,Allison Conrey,2024-11-14,15:11:34,-08:00,2024-11-14T15:11:34-08:00,4,36
src\routes\+page.svelte,100,css,c0ca1da7,Allison Conrey,2024-11-14,15:11:34,-08:00,2024-11-14T15:11:34-08:00,4,8
src\routes\+page.svelte,101,css,c0ca1da7,Allison Conrey,2024-11-14,15:11:34,-08:00,2024-11-14T15:11:34-08:00,4,15
src\routes\+page.svelte,102,css,c0ca1da7,Allison Conrey,2024-11-14,15:11:34,-08:00,2024-11-14T15:11:34-08:00,4,58
src\routes\+page.svelte,103,css,c0ca1da7,Allison Conrey,2024-11-14,15:11:34,-08:00,2024-11-14T15:11:34-08:00,2,0
src\routes\+page.svelte,104,css,c0ca1da7,Allison Conrey,2024-11-14,15:11:34,-08:00,2024-11-14T15:11:34-08:00,0,0
src\routes\+page.svelte,105,css,c0ca1da7,Allison Conrey,2024-11-14,15:11:34,-08:00,2024-11-14T15:11:34-08:00,2,5
src\routes\+page.svelte,106,css,c0ca1da7,Allison Conrey,2024-11-14,15:11:34,-08:00,2024-11-14T15:11:34-08:00,4,12
src\routes\+page.svelte,107,css,c0ca1da7,Allison Conrey,2024-11-14,15:11:34,-08:00,2024-11-14T15:11:34-08:00,4,21
src\routes\+page.svelte,108,css,c0ca1da7,Allison Conrey,2024-11-14,15:11:34,-08:00,2024-11-14T15:11:34-08:00,2,0
src\routes\+page.svelte,109,css,c0ca1da7,Allison Conrey,2024-11-14,15:11:34,-08:00,2024-11-14T15:11:34-08:00,0,0
src\routes\+page.svelte,110,css,c0ca1da7,Allison Conrey,2024-11-14,15:11:34,-08:00,2024-11-14T15:11:34-08:00,2,17
src\routes\+page.svelte,111,css,c0ca1da7,Allison Conrey,2024-11-14,15:11:34,-08:00,2024-11-14T15:11:34-08:00,4,16
src\routes\+page.svelte,112,css,c0ca1da7,Allison Conrey,2024-11-14,15:11:34,-08:00,2024-11-14T15:11:34-08:00,4,23
src\routes\+page.svelte,113,css,c0ca1da7,Allison Conrey,2024-11-14,15:11:34,-08:00,2024-11-14T15:11:34-08:00,4,24
src\routes\+page.svelte,114,css,c0ca1da7,Allison Conrey,2024-11-14,15:11:34,-08:00,2024-11-14T15:11:34-08:00,4,20
src\routes\+page.svelte,115,css,c0ca1da7,Allison Conrey,2024-11-14,15:11:34,-08:00,2024-11-14T15:11:34-08:00,4,15
src\routes\+page.svelte,116,css,c0ca1da7,Allison Conrey,2024-11-14,15:11:34,-08:00,2024-11-14T15:11:34-08:00,4,18
src\routes\+page.svelte,117,css,c0ca1da7,Allison Conrey,2024-11-14,15:11:34,-08:00,2024-11-14T15:11:34-08:00,2,0
src\routes\+page.svelte,118,css,c0ca1da7,Allison Conrey,2024-11-14,15:11:34,-08:00,2024-11-14T15:11:34-08:00,0,0
src\routes\+page.svelte,119,css,c0ca1da7,Allison Conrey,2024-11-14,15:11:34,-08:00,2024-11-14T15:11:34-08:00,2,17
src\routes\+page.svelte,120,css,c0ca1da7,Allison Conrey,2024-11-14,15:11:34,-08:00,2024-11-14T15:11:34-08:00,4,14
src\routes\+page.svelte,121,css,c0ca1da7,Allison Conrey,2024-11-14,15:11:34,-08:00,2024-11-14T15:11:34-08:00,4,16
src\routes\+page.svelte,122,css,c0ca1da7,Allison Conrey,2024-11-14,15:11:34,-08:00,2024-11-14T15:11:34-08:00,4,23
src\routes\+page.svelte,123,css,c0ca1da7,Allison Conrey,2024-11-14,15:11:34,-08:00,2024-11-14T15:11:34-08:00,4,8
src\routes\+page.svelte,124,css,c0ca1da7,Allison Conrey,2024-11-14,15:11:34,-08:00,2024-11-14T15:11:34-08:00,2,0
src\routes\+page.svelte,125,css,c0ca1da7,Allison Conrey,2024-11-14,15:11:34,-08:00,2024-11-14T15:11:34-08:00,0,0
src\routes\+page.svelte,126,css,c0ca1da7,Allison Conrey,2024-11-14,15:11:34,-08:00,2024-11-14T15:11:34-08:00,2,32
src\routes\+page.svelte,127,css,c0ca1da7,Allison Conrey,2024-11-14,15:11:34,-08:00,2024-11-14T15:11:34-08:00,2,6
src\routes\+page.svelte,128,css,c0ca1da7,Allison Conrey,2024-11-14,15:11:34,-08:00,2024-11-14T15:11:34-08:00,4,17
src\routes\+page.svelte,129,css,c0ca1da7,Allison Conrey,2024-11-14,15:11:34,-08:00,2024-11-14T15:11:34-08:00,4,17
src\routes\+page.svelte,130,css,c0ca1da7,Allison Conrey,2024-11-14,15:11:34,-08:00,2024-11-14T15:11:34-08:00,4,24
src\routes\+page.svelte,131,css,c0ca1da7,Allison Conrey,2024-11-14,15:11:34,-08:00,2024-11-14T15:11:34-08:00,4,17
src\routes\+page.svelte,132,css,c0ca1da7,Allison Conrey,2024-11-14,15:11:34,-08:00,2024-11-14T15:11:34-08:00,4,39
src\routes\+page.svelte,133,css,c0ca1da7,Allison Conrey,2024-11-14,15:11:34,-08:00,2024-11-14T15:11:34-08:00,4,20
src\routes\+page.svelte,134,css,c0ca1da7,Allison Conrey,2024-11-14,15:11:34,-08:00,2024-11-14T15:11:34-08:00,4,9
src\routes\+page.svelte,135,css,c0ca1da7,Allison Conrey,2024-11-14,15:11:34,-08:00,2024-11-14T15:11:34-08:00,2,0
src\routes\+page.svelte,136,css,c0ca1da7,Allison Conrey,2024-11-14,15:11:34,-08:00,2024-11-14T15:11:34-08:00,0,0
src\routes\+page.svelte,137,css,c0ca1da7,Allison Conrey,2024-11-14,15:11:34,-08:00,2024-11-14T15:11:34-08:00,2,14
src\routes\+page.svelte,138,css,c0ca1da7,Allison Conrey,2024-11-14,15:11:34,-08:00,2024-11-14T15:11:34-08:00,4,12
src\routes\+page.svelte,139,css,c0ca1da7,Allison Conrey,2024-11-14,15:11:34,-08:00,2024-11-14T15:11:34-08:00,4,21
src\routes\+page.svelte,140,css,c0ca1da7,Allison Conrey,2024-11-14,15:11:34,-08:00,2024-11-14T15:11:34-08:00,4,18
src\routes\+page.svelte,141,css,c0ca1da7,Allison Conrey,2024-11-14,15:11:34,-08:00,2024-11-14T15:11:34-08:00,4,8
src\routes\+page.svelte,142,css,c0ca1da7,Allison Conrey,2024-11-14,15:11:34,-08:00,2024-11-14T15:11:34-08:00,2,0
src\routes\+page.svelte,143,css,c0ca1da7,Allison Conrey,2024-11-14,15:11:34,-08:00,2024-11-14T15:11:34-08:00,0,0
src\routes\+page.svelte,144,css,c0ca1da7,Allison Conrey,2024-11-14,15:11:34,-08:00,2024-11-14T15:11:34-08:00,2,14
src\routes\+page.svelte,145,css,c0ca1da7,Allison Conrey,2024-11-14,15:11:34,-08:00,2024-11-14T15:11:34-08:00,4,17
src\routes\+page.svelte,146,css,c0ca1da7,Allison Conrey,2024-11-14,15:11:34,-08:00,2024-11-14T15:11:34-08:00,4,11
src\routes\+page.svelte,147,css,c0ca1da7,Allison Conrey,2024-11-14,15:11:34,-08:00,2024-11-14T15:11:34-08:00,4,12
src\routes\+page.svelte,148,css,c0ca1da7,Allison Conrey,2024-11-14,15:11:34,-08:00,2024-11-14T15:11:34-08:00,4,39
src\routes\+page.svelte,149,css,c0ca1da7,Allison Conrey,2024-11-14,15:11:34,-08:00,2024-11-14T15:11:34-08:00,2,0
src\routes\+page.svelte,150,css,c0ca1da7,Allison Conrey,2024-11-14,15:11:34,-08:00,2024-11-14T15:11:34-08:00,0,0
src\routes\+page.svelte,151,css,c0ca1da7,Allison Conrey,2024-11-14,15:11:34,-08:00,2024-11-14T15:11:34-08:00,2,11
src\routes\+page.svelte,152,css,c0ca1da7,Allison Conrey,2024-11-14,15:11:34,-08:00,2024-11-14T15:11:34-08:00,4,15
src\routes\+page.svelte,153,css,c0ca1da7,Allison Conrey,2024-11-14,15:11:34,-08:00,2024-11-14T15:11:34-08:00,2,0
src\routes\+page.svelte,154,css,c0ca1da7,Allison Conrey,2024-11-14,15:11:34,-08:00,2024-11-14T15:11:34-08:00,0,0
src\routes\+page.svelte,155,css,c0ca1da7,Allison Conrey,2024-11-14,15:11:34,-08:00,2024-11-14T15:11:34-08:00,2,14
src\routes\+page.svelte,156,css,c0ca1da7,Allison Conrey,2024-11-14,15:11:34,-08:00,2024-11-14T15:11:34-08:00,4,16
src\routes\+page.svelte,157,css,c0ca1da7,Allison Conrey,2024-11-14,15:11:34,-08:00,2024-11-14T15:11:34-08:00,4,15
src\routes\+page.svelte,158,css,c0ca1da7,Allison Conrey,2024-11-14,15:11:34,-08:00,2024-11-14T15:11:34-08:00,4,10
src\routes\+page.svelte,159,css,c0ca1da7,Allison Conrey,2024-11-14,15:11:34,-08:00,2024-11-14T15:11:34-08:00,2,0
src\routes\+page.svelte,160,css,c0ca1da7,Allison Conrey,2024-11-14,15:11:34,-08:00,2024-11-14T15:11:34-08:00,0,0
src\routes\+page.svelte,161,css,c0ca1da7,Allison Conrey,2024-11-14,15:11:34,-08:00,2024-11-14T15:11:34-08:00,2,13
src\routes\+page.svelte,162,css,c0ca1da7,Allison Conrey,2024-11-14,15:11:34,-08:00,2024-11-14T15:11:34-08:00,4,14
src\routes\+page.svelte,163,css,c0ca1da7,Allison Conrey,2024-11-14,15:11:34,-08:00,2024-11-14T15:11:34-08:00,4,15
src\routes\+page.svelte,164,css,c0ca1da7,Allison Conrey,2024-11-14,15:11:34,-08:00,2024-11-14T15:11:34-08:00,4,10
src\routes\+page.svelte,165,css,c0ca1da7,Allison Conrey,2024-11-14,15:11:34,-08:00,2024-11-14T15:11:34-08:00,2,0
src\routes\+page.svelte,166,css,c0ca1da7,Allison Conrey,2024-11-14,15:11:34,-08:00,2024-11-14T15:11:34-08:00,0,0
src\routes\+page.svelte,167,css,c0ca1da7,Allison Conrey,2024-11-14,15:11:34,-08:00,2024-11-14T15:11:34-08:00,2,32
src\routes\+page.svelte,168,css,c0ca1da7,Allison Conrey,2024-11-14,15:11:34,-08:00,2024-11-14T15:11:34-08:00,2,13
src\routes\+page.svelte,169,css,c0ca1da7,Allison Conrey,2024-11-14,15:11:34,-08:00,2024-11-14T15:11:34-08:00,4,17
src\routes\+page.svelte,170,css,c0ca1da7,Allison Conrey,2024-11-14,15:11:34,-08:00,2024-11-14T15:11:34-08:00,4,18
src\routes\+page.svelte,171,css,c0ca1da7,Allison Conrey,2024-11-14,15:11:34,-08:00,2024-11-14T15:11:34-08:00,4,44
src\routes\+page.svelte,172,css,c0ca1da7,Allison Conrey,2024-11-14,15:11:34,-08:00,2024-11-14T15:11:34-08:00,2,0
src\routes\+page.svelte,173,css,c0ca1da7,Allison Conrey,2024-11-14,15:11:34,-08:00,2024-11-14T15:11:34-08:00,0,0
src\routes\+page.svelte,174,css,c0ca1da7,Allison Conrey,2024-11-14,15:11:34,-08:00,2024-11-14T15:11:34-08:00,2,16
src\routes\+page.svelte,175,css,c0ca1da7,Allison Conrey,2024-11-14,15:11:34,-08:00,2024-11-14T15:11:34-08:00,4,16
src\routes\+page.svelte,176,css,c0ca1da7,Allison Conrey,2024-11-14,15:11:34,-08:00,2024-11-14T15:11:34-08:00,4,18
src\routes\+page.svelte,177,css,c0ca1da7,Allison Conrey,2024-11-14,15:11:34,-08:00,2024-11-14T15:11:34-08:00,4,10
src\routes\+page.svelte,178,css,c0ca1da7,Allison Conrey,2024-11-14,15:11:34,-08:00,2024-11-14T15:11:34-08:00,2,0
src\routes\+page.svelte,179,css,c0ca1da7,Allison Conrey,2024-11-14,15:11:34,-08:00,2024-11-14T15:11:34-08:00,0,0
src\routes\+page.svelte,180,css,c0ca1da7,Allison Conrey,2024-11-14,15:11:34,-08:00,2024-11-14T15:11:34-08:00,2,14
src\routes\+page.svelte,181,css,c0ca1da7,Allison Conrey,2024-11-14,15:11:34,-08:00,2024-11-14T15:11:34-08:00,4,12
src\routes\+page.svelte,182,css,c0ca1da7,Allison Conrey,2024-11-14,15:11:34,-08:00,2024-11-14T15:11:34-08:00,4,36
src\routes\+page.svelte,183,css,c0ca1da7,Allison Conrey,2024-11-14,15:11:34,-08:00,2024-11-14T15:11:34-08:00,4,8
src\routes\+page.svelte,184,css,c0ca1da7,Allison Conrey,2024-11-14,15:11:34,-08:00,2024-11-14T15:11:34-08:00,4,70
src\routes\+page.svelte,185,css,c0ca1da7,Allison Conrey,2024-11-14,15:11:34,-08:00,2024-11-14T15:11:34-08:00,2,0
src\routes\+page.svelte,186,css,c0ca1da7,Allison Conrey,2024-11-14,15:11:34,-08:00,2024-11-14T15:11:34-08:00,0,0
src\routes\+page.svelte,187,css,c0ca1da7,Allison Conrey,2024-11-14,15:11:34,-08:00,2024-11-14T15:11:34-08:00,2,5
src\routes\+page.svelte,188,css,c0ca1da7,Allison Conrey,2024-11-14,15:11:34,-08:00,2024-11-14T15:11:34-08:00,4,12
src\routes\+page.svelte,189,css,c0ca1da7,Allison Conrey,2024-11-14,15:11:34,-08:00,2024-11-14T15:11:34-08:00,4,21
src\routes\+page.svelte,190,css,c0ca1da7,Allison Conrey,2024-11-14,15:11:34,-08:00,2024-11-14T15:11:34-08:00,2,0
src\routes\+page.svelte,191,css,c0ca1da7,Allison Conrey,2024-11-14,15:11:34,-08:00,2024-11-14T15:11:34-08:00,0,0
src\routes\+page.svelte,192,css,c0ca1da7,Allison Conrey,2024-11-14,15:11:34,-08:00,2024-11-14T15:11:34-08:00,2,17
src\routes\+page.svelte,193,css,c0ca1da7,Allison Conrey,2024-11-14,15:11:34,-08:00,2024-11-14T15:11:34-08:00,4,16
src\routes\+page.svelte,194,css,c0ca1da7,Allison Conrey,2024-11-14,15:11:34,-08:00,2024-11-14T15:11:34-08:00,4,36
src\routes\+page.svelte,195,css,c0ca1da7,Allison Conrey,2024-11-14,15:11:34,-08:00,2024-11-14T15:11:34-08:00,4,24
src\routes\+page.svelte,196,css,c0ca1da7,Allison Conrey,2024-11-14,15:11:34,-08:00,2024-11-14T15:11:34-08:00,4,20
src\routes\+page.svelte,197,css,c0ca1da7,Allison Conrey,2024-11-14,15:11:34,-08:00,2024-11-14T15:11:34-08:00,4,15
src\routes\+page.svelte,198,css,c0ca1da7,Allison Conrey,2024-11-14,15:11:34,-08:00,2024-11-14T15:11:34-08:00,4,18
src\routes\+page.svelte,199,css,c0ca1da7,Allison Conrey,2024-11-14,15:11:34,-08:00,2024-11-14T15:11:34-08:00,2,0
src\routes\+page.svelte,200,css,c0ca1da7,Allison Conrey,2024-11-14,15:11:34,-08:00,2024-11-14T15:11:34-08:00,0,0
src\routes\+page.svelte,201,css,c0ca1da7,Allison Conrey,2024-11-14,15:11:34,-08:00,2024-11-14T15:11:34-08:00,2,17
src\routes\+page.svelte,202,css,c0ca1da7,Allison Conrey,2024-11-14,15:11:34,-08:00,2024-11-14T15:11:34-08:00,4,14
src\routes\+page.svelte,203,css,c0ca1da7,Allison Conrey,2024-11-14,15:11:34,-08:00,2024-11-14T15:11:34-08:00,4,16
src\routes\+page.svelte,204,css,c0ca1da7,Allison Conrey,2024-11-14,15:11:34,-08:00,2024-11-14T15:11:34-08:00,4,10
src\routes\+page.svelte,205,css,c0ca1da7,Allison Conrey,2024-11-14,15:11:34,-08:00,2024-11-14T15:11:34-08:00,4,8
src\routes\+page.svelte,206,css,c0ca1da7,Allison Conrey,2024-11-14,15:11:34,-08:00,2024-11-14T15:11:34-08:00,2,0
src\routes\+page.svelte,207,css,c0ca1da7,Allison Conrey,2024-11-14,15:11:34,-08:00,2024-11-14T15:11:34-08:00,0,0
src\routes\+page.svelte,208,css,c0ca1da7,Allison Conrey,2024-11-14,15:11:34,-08:00,2024-11-14T15:11:34-08:00,2,35
src\routes\+page.svelte,209,css,c0ca1da7,Allison Conrey,2024-11-14,15:11:34,-08:00,2024-11-14T15:11:34-08:00,2,16
src\routes\+page.svelte,210,css,c0ca1da7,Allison Conrey,2024-11-14,15:11:34,-08:00,2024-11-14T15:11:34-08:00,4,17
src\routes\+page.svelte,211,css,c0ca1da7,Allison Conrey,2024-11-14,15:11:34,-08:00,2024-11-14T15:11:34-08:00,4,17
src\routes\+page.svelte,212,css,c0ca1da7,Allison Conrey,2024-11-14,15:11:34,-08:00,2024-11-14T15:11:34-08:00,2,0
src\routes\+page.svelte,213,css,c0ca1da7,Allison Conrey,2024-11-14,15:11:34,-08:00,2024-11-14T15:11:34-08:00,0,0
src\routes\+page.svelte,214,css,c0ca1da7,Allison Conrey,2024-11-14,15:11:34,-08:00,2024-11-14T15:11:34-08:00,2,19
src\routes\+page.svelte,215,css,c0ca1da7,Allison Conrey,2024-11-14,15:11:34,-08:00,2024-11-14T15:11:34-08:00,4,14
src\routes\+page.svelte,216,css,c0ca1da7,Allison Conrey,2024-11-14,15:11:34,-08:00,2024-11-14T15:11:34-08:00,4,20
src\routes\+page.svelte,217,css,c0ca1da7,Allison Conrey,2024-11-14,15:11:34,-08:00,2024-11-14T15:11:34-08:00,4,10
src\routes\+page.svelte,218,css,c0ca1da7,Allison Conrey,2024-11-14,15:11:34,-08:00,2024-11-14T15:11:34-08:00,2,0
src\routes\+page.svelte,219,css,c0ca1da7,Allison Conrey,2024-11-14,15:11:34,-08:00,2024-11-14T15:11:34-08:00,0,0
src\routes\+page.svelte,220,css,c0ca1da7,Allison Conrey,2024-11-14,15:11:34,-08:00,2024-11-14T15:11:34-08:00,2,20
src\routes\+page.svelte,221,css,c0ca1da7,Allison Conrey,2024-11-14,15:11:34,-08:00,2024-11-14T15:11:34-08:00,4,12
src\routes\+page.svelte,222,css,c0ca1da7,Allison Conrey,2024-11-14,15:11:34,-08:00,2024-11-14T15:11:34-08:00,4,58
src\routes\+page.svelte,223,css,c0ca1da7,Allison Conrey,2024-11-14,15:11:34,-08:00,2024-11-14T15:11:34-08:00,4,10
src\routes\+page.svelte,224,css,c0ca1da7,Allison Conrey,2024-11-14,15:11:34,-08:00,2024-11-14T15:11:34-08:00,4,12
src\routes\+page.svelte,225,css,c0ca1da7,Allison Conrey,2024-11-14,15:11:34,-08:00,2024-11-14T15:11:34-08:00,2,0
src\routes\+page.svelte,226,css,c0ca1da7,Allison Conrey,2024-11-14,15:11:34,-08:00,2024-11-14T15:11:34-08:00,0,0
src\routes\+page.svelte,227,css,c0ca1da7,Allison Conrey,2024-11-14,15:11:34,-08:00,2024-11-14T15:11:34-08:00,2,6
src\routes\+page.svelte,228,css,c0ca1da7,Allison Conrey,2024-11-14,15:11:34,-08:00,2024-11-14T15:11:34-08:00,4,9
src\routes\+page.svelte,229,css,c0ca1da7,Allison Conrey,2024-11-14,15:11:34,-08:00,2024-11-14T15:11:34-08:00,4,14
src\routes\+page.svelte,230,css,c0ca1da7,Allison Conrey,2024-11-14,15:11:34,-08:00,2024-11-14T15:11:34-08:00,2,0
src\routes\+page.svelte,231,svelte,c0ca1da7,Allison Conrey,2024-11-14,15:11:34,-08:00,2024-11-14T15:11:34-08:00,0,6
src\routes\+page.svelte,232,svelte,c0ca1da7,Allison Conrey,2024-11-14,15:11:34,-08:00,2024-11-14T15:11:34-08:00,0,0
src\routes\+page.svelte,233,svelte,c0ca1da7,Allison Conrey,2024-11-14,15:11:34,-08:00,2024-11-14T15:11:34-08:00,0,0
src\routes\+page.svelte,234,svelte,c0ca1da7,Allison Conrey,2024-11-14,15:11:34,-08:00,2024-11-14T15:11:34-08:00,0,0
src\routes\+layout.svelte,1,svelte,c0ca1da7,Allison Conrey,2024-11-14,15:11:34,-08:00,2024-11-14T15:11:34-08:00,0,6
src\routes\+layout.svelte,2,js,c0ca1da7,Allison Conrey,2024-11-14,15:11:34,-08:00,2024-11-14T15:11:34-08:00,2,33
src\routes\+layout.svelte,3,js,c0ca1da7,Allison Conrey,2024-11-14,15:11:34,-08:00,2024-11-14T15:11:34-08:00,0,0
src\routes\+layout.svelte,4,js,c0ca1da7,Allison Conrey,2024-11-14,15:11:34,-08:00,2024-11-14T15:11:34-08:00,2,16
src\routes\+layout.svelte,5,js,c0ca1da7,Allison Conrey,2024-11-14,15:11:34,-08:00,2024-11-14T15:11:34-08:00,4,27
src\routes\+layout.svelte,6,js,c0ca1da7,Allison Conrey,2024-11-14,15:11:34,-08:00,2024-11-14T15:11:34-08:00,4,39
src\routes\+layout.svelte,7,js,c0ca1da7,Allison Conrey,2024-11-14,15:11:34,-08:00,2024-11-14T15:11:34-08:00,4,37
src\routes\+layout.svelte,8,js,00000000,Not Committed Yet,2024-11-14,15:42:31,-08:00,2024-11-14T15:42:31-08:00,4,30
src\routes\+layout.svelte,9,js,c0ca1da7,Allison Conrey,2024-11-14,15:11:34,-08:00,2024-11-14T15:11:34-08:00,4,128
src\routes\+layout.svelte,10,js,c0ca1da7,Allison Conrey,2024-11-14,15:11:34,-08:00,2024-11-14T15:11:34-08:00,4,76
src\routes\+layout.svelte,11,js,c0ca1da7,Allison Conrey,2024-11-14,15:11:34,-08:00,2024-11-14T15:11:34-08:00,2,0
src\routes\+layout.svelte,12,js,c0ca1da7,Allison Conrey,2024-11-14,15:11:34,-08:00,2024-11-14T15:11:34-08:00,0,0
src\routes\+layout.svelte,13,js,c0ca1da7,Allison Conrey,2024-11-14,15:11:34,-08:00,2024-11-14T15:11:34-08:00,2,63
src\routes\+layout.svelte,14,js,c0ca1da7,Allison Conrey,2024-11-14,15:11:34,-08:00,2024-11-14T15:11:34-08:00,2,92
src\routes\+layout.svelte,15,js,c0ca1da7,Allison Conrey,2024-11-14,15:11:34,-08:00,2024-11-14T15:11:34-08:00,2,57
src\routes\+layout.svelte,16,js,c0ca1da7,Allison Conrey,2024-11-14,15:11:34,-08:00,2024-11-14T15:11:34-08:00,0,0
src\routes\+layout.svelte,17,js,c0ca1da7,Allison Conrey,2024-11-14,15:11:34,-08:00,2024-11-14T15:11:34-08:00,2,29
src\routes\+layout.svelte,18,js,c0ca1da7,Allison Conrey,2024-11-14,15:11:34,-08:00,2024-11-14T15:11:34-08:00,2,47
src\routes\+layout.svelte,19,js,c0ca1da7,Allison Conrey,2024-11-14,15:11:34,-08:00,2024-11-14T15:11:34-08:00,0,0
src\routes\+layout.svelte,20,js,c0ca1da7,Allison Conrey,2024-11-14,15:11:34,-08:00,2024-11-14T15:11:34-08:00,2,58
src\routes\+layout.svelte,21,js,c0ca1da7,Allison Conrey,2024-11-14,15:11:34,-08:00,2024-11-14T15:11:34-08:00,2,54
src\routes\+layout.svelte,22,js,c0ca1da7,Allison Conrey,2024-11-14,15:11:34,-08:00,2024-11-14T15:11:34-08:00,2,40
src\routes\+layout.svelte,23,svelte,c0ca1da7,Allison Conrey,2024-11-14,15:11:34,-08:00,2024-11-14T15:11:34-08:00,0,7
src\routes\+layout.svelte,24,svelte,c0ca1da7,Allison Conrey,2024-11-14,15:11:34,-08:00,2024-11-14T15:11:34-08:00,0,0
src\routes\+layout.svelte,25,svelte,c0ca1da7,Allison Conrey,2024-11-14,15:11:34,-08:00,2024-11-14T15:11:34-08:00,0,3
src\routes\+layout.svelte,26,svelte,c0ca1da7,Allison Conrey,2024-11-14,15:11:34,-08:00,2024-11-14T15:11:34-08:00,2,22
src\routes\+layout.svelte,27,svelte,c0ca1da7,Allison Conrey,2024-11-14,15:11:34,-08:00,2024-11-14T15:11:34-08:00,4,0
src\routes\+layout.svelte,28,svelte,c0ca1da7,Allison Conrey,2024-11-14,15:11:34,-08:00,2024-11-14T15:11:34-08:00,6,14
src\routes\+layout.svelte,29,svelte,c0ca1da7,Allison Conrey,2024-11-14,15:11:34,-08:00,2024-11-14T15:11:34-08:00,6,41
src\routes\+layout.svelte,30,svelte,c0ca1da7,Allison Conrey,2024-11-14,15:11:34,-08:00,2024-11-14T15:11:34-08:00,6,46
src\routes\+layout.svelte,31,svelte,c0ca1da7,Allison Conrey,2024-11-14,15:11:34,-08:00,2024-11-14T15:11:34-08:00,4,0
src\routes\+layout.svelte,32,svelte,c0ca1da7,Allison Conrey,2024-11-14,15:11:34,-08:00,2024-11-14T15:11:34-08:00,6,10
src\routes\+layout.svelte,33,svelte,c0ca1da7,Allison Conrey,2024-11-14,15:11:34,-08:00,2024-11-14T15:11:34-08:00,4,2
src\routes\+layout.svelte,34,svelte,c0ca1da7,Allison Conrey,2024-11-14,15:11:34,-08:00,2024-11-14T15:11:34-08:00,2,5
src\routes\+layout.svelte,35,svelte,c0ca1da7,Allison Conrey,2024-11-14,15:11:34,-08:00,2024-11-14T15:11:34-08:00,0,4
src\routes\+layout.svelte,36,svelte,c0ca1da7,Allison Conrey,2024-11-14,15:11:34,-08:00,2024-11-14T15:11:34-08:00,0,0
src\routes\+layout.svelte,37,svelte,c0ca1da7,Allison Conrey,2024-11-14,15:11:34,-08:00,2024-11-14T15:11:34-08:00,0,26
src\routes\+layout.svelte,38,svelte,c0ca1da7,Allison Conrey,2024-11-14,15:11:34,-08:00,2024-11-14T15:11:34-08:00,2,4
src\routes\+layout.svelte,39,svelte,c0ca1da7,Allison Conrey,2024-11-14,15:11:34,-08:00,2024-11-14T15:11:34-08:00,2,31
src\routes\+layout.svelte,40,svelte,c0ca1da7,Allison Conrey,2024-11-14,15:11:34,-08:00,2024-11-14T15:11:34-08:00,4,43
src\routes\+layout.svelte,41,svelte,c0ca1da7,Allison Conrey,2024-11-14,15:11:34,-08:00,2024-11-14T15:11:34-08:00,4,34
src\routes\+layout.svelte,42,svelte,c0ca1da7,Allison Conrey,2024-11-14,15:11:34,-08:00,2024-11-14T15:11:34-08:00,4,32
src\routes\+layout.svelte,43,svelte,c0ca1da7,Allison Conrey,2024-11-14,15:11:34,-08:00,2024-11-14T15:11:34-08:00,2,7
src\routes\+layout.svelte,44,svelte,c0ca1da7,Allison Conrey,2024-11-14,15:11:34,-08:00,2024-11-14T15:11:34-08:00,0,6
src\routes\+layout.svelte,45,svelte,c0ca1da7,Allison Conrey,2024-11-14,15:11:34,-08:00,2024-11-14T15:11:34-08:00,0,0
src\routes\+layout.svelte,46,svelte,c0ca1da7,Allison Conrey,2024-11-14,15:11:34,-08:00,2024-11-14T15:11:34-08:00,0,6
src\routes\+layout.svelte,47,svelte,c0ca1da7,Allison Conrey,2024-11-14,15:11:34,-08:00,2024-11-14T15:11:34-08:00,0,0
src\routes\+layout.svelte,48,svelte,c0ca1da7,Allison Conrey,2024-11-14,15:11:34,-08:00,2024-11-14T15:11:34-08:00,0,5
src\routes\+layout.svelte,49,css,c0ca1da7,Allison Conrey,2024-11-14,15:11:34,-08:00,2024-11-14T15:11:34-08:00,2,3
src\routes\+layout.svelte,50,css,c0ca1da7,Allison Conrey,2024-11-14,15:11:34,-08:00,2024-11-14T15:11:34-08:00,4,12
src\routes\+layout.svelte,51,css,c0ca1da7,Allison Conrey,2024-11-14,15:11:34,-08:00,2024-11-14T15:11:34-08:00,4,28
src\routes\+layout.svelte,52,css,c0ca1da7,Allison Conrey,2024-11-14,15:11:34,-08:00,2024-11-14T15:11:34-08:00,4,12
src\routes\+layout.svelte,53,css,c0ca1da7,Allison Conrey,2024-11-14,15:11:34,-08:00,2024-11-14T15:11:34-08:00,4,24
src\routes\+layout.svelte,54,css,c0ca1da7,Allison Conrey,2024-11-14,15:11:34,-08:00,2024-11-14T15:11:34-08:00,4,28
src\routes\+layout.svelte,55,css,c0ca1da7,Allison Conrey,2024-11-14,15:11:34,-08:00,2024-11-14T15:11:34-08:00,2,0
src\routes\+layout.svelte,56,css,c0ca1da7,Allison Conrey,2024-11-14,15:11:34,-08:00,2024-11-14T15:11:34-08:00,2,5
src\routes\+layout.svelte,57,css,c0ca1da7,Allison Conrey,2024-11-14,15:11:34,-08:00,2024-11-14T15:11:34-08:00,4,20
src\routes\+layout.svelte,58,css,c0ca1da7,Allison Conrey,2024-11-14,15:11:34,-08:00,2024-11-14T15:11:34-08:00,4,10
src\routes\+layout.svelte,59,css,c0ca1da7,Allison Conrey,2024-11-14,15:11:34,-08:00,2024-11-14T15:11:34-08:00,4,14
src\routes\+layout.svelte,60,css,c0ca1da7,Allison Conrey,2024-11-14,15:11:34,-08:00,2024-11-14T15:11:34-08:00,2,0
src\routes\+layout.svelte,61,css,c0ca1da7,Allison Conrey,2024-11-14,15:11:34,-08:00,2024-11-14T15:11:34-08:00,2,13
src\routes\+layout.svelte,62,css,c0ca1da7,Allison Conrey,2024-11-14,15:11:34,-08:00,2024-11-14T15:11:34-08:00,4,28
src\routes\+layout.svelte,63,css,c0ca1da7,Allison Conrey,2024-11-14,15:11:34,-08:00,2024-11-14T15:11:34-08:00,4,10
src\routes\+layout.svelte,64,css,c0ca1da7,Allison Conrey,2024-11-14,15:11:34,-08:00,2024-11-14T15:11:34-08:00,4,16
src\routes\+layout.svelte,65,css,c0ca1da7,Allison Conrey,2024-11-14,15:11:34,-08:00,2024-11-14T15:11:34-08:00,2,0
src\routes\+layout.svelte,66,css,c0ca1da7,Allison Conrey,2024-11-14,15:11:34,-08:00,2024-11-14T15:11:34-08:00,2,11
src\routes\+layout.svelte,67,css,c0ca1da7,Allison Conrey,2024-11-14,15:11:34,-08:00,2024-11-14T15:11:34-08:00,4,10
src\routes\+layout.svelte,68,css,c0ca1da7,Allison Conrey,2024-11-14,15:11:34,-08:00,2024-11-14T15:11:34-08:00,2,0
src\routes\+layout.svelte,69,css,c0ca1da7,Allison Conrey,2024-11-14,15:11:34,-08:00,2024-11-14T15:11:34-08:00,2,13
src\routes\+layout.svelte,70,css,c0ca1da7,Allison Conrey,2024-11-14,15:11:34,-08:00,2024-11-14T15:11:34-08:00,4,17
src\routes\+layout.svelte,71,css,c0ca1da7,Allison Conrey,2024-11-14,15:11:34,-08:00,2024-11-14T15:11:34-08:00,4,8
src\routes\+layout.svelte,72,css,c0ca1da7,Allison Conrey,2024-11-14,15:11:34,-08:00,2024-11-14T15:11:34-08:00,4,10
src\routes\+layout.svelte,73,css,c0ca1da7,Allison Conrey,2024-11-14,15:11:34,-08:00,2024-11-14T15:11:34-08:00,4,16
src\routes\+layout.svelte,74,css,c0ca1da7,Allison Conrey,2024-11-14,15:11:34,-08:00,2024-11-14T15:11:34-08:00,4,19
src\routes\+layout.svelte,75,css,c0ca1da7,Allison Conrey,2024-11-14,15:11:34,-08:00,2024-11-14T15:11:34-08:00,2,0
src\routes\+layout.svelte,76,css,c0ca1da7,Allison Conrey,2024-11-14,15:11:34,-08:00,2024-11-14T15:11:34-08:00,2,20
src\routes\+layout.svelte,77,css,c0ca1da7,Allison Conrey,2024-11-14,15:11:34,-08:00,2024-11-14T15:11:34-08:00,4,13
src\routes\+layout.svelte,78,css,c0ca1da7,Allison Conrey,2024-11-14,15:11:34,-08:00,2024-11-14T15:11:34-08:00,4,12
src\routes\+layout.svelte,79,css,c0ca1da7,Allison Conrey,2024-11-14,15:11:34,-08:00,2024-11-14T15:11:34-08:00,2,0
src\routes\+layout.svelte,80,svelte,c0ca1da7,Allison Conrey,2024-11-14,15:11:34,-08:00,2024-11-14T15:11:34-08:00,0,6
src\routes\projects\+page.svelte,1,svelte,c0ca1da7,Allison Conrey,2024-11-14,15:11:34,-08:00,2024-11-14T15:11:34-08:00,0,6
src\routes\projects\+page.svelte,2,js,c0ca1da7,Allison Conrey,2024-11-14,15:11:34,-08:00,2024-11-14T15:11:34-08:00,2,40
src\routes\projects\+page.svelte,3,js,c0ca1da7,Allison Conrey,2024-11-14,15:11:34,-08:00,2024-11-14T15:11:34-08:00,2,40
src\routes\projects\+page.svelte,4,js,00000000,Not Committed Yet,2024-11-14,15:42:32,-08:00,2024-11-14T15:42:32-08:00,2,32
src\routes\projects\+page.svelte,5,js,00000000,Not Committed Yet,2024-11-14,15:42:32,-08:00,2024-11-14T15:42:32-08:00,2,23
src\routes\projects\+page.svelte,6,js,00000000,Not Committed Yet,2024-11-14,15:42:32,-08:00,2024-11-14T15:42:32-08:00,1,0
src\routes\projects\+page.svelte,7,js,00000000,Not Committed Yet,2024-11-14,15:42:32,-08:00,2024-11-14T15:42:32-08:00,2,13
src\routes\projects\+page.svelte,8,js,00000000,Not Committed Yet,2024-11-14,15:42:32,-08:00,2024-11-14T15:42:32-08:00,2,25
src\routes\projects\+page.svelte,9,js,00000000,Not Committed Yet,2024-11-14,15:42:32,-08:00,2024-11-14T15:42:32-08:00,2,15
src\routes\projects\+page.svelte,10,js,00000000,Not Committed Yet,2024-11-14,15:42:32,-08:00,2024-11-14T15:42:32-08:00,1,0
src\routes\projects\+page.svelte,11,js,00000000,Not Committed Yet,2024-11-14,15:42:32,-08:00,2024-11-14T15:42:32-08:00,2,36
src\routes\projects\+page.svelte,12,js,00000000,Not Committed Yet,2024-11-14,15:42:32,-08:00,2024-11-14T15:42:32-08:00,2,81
src\routes\projects\+page.svelte,13,js,00000000,Not Committed Yet,2024-11-14,15:42:32,-08:00,2024-11-14T15:42:32-08:00,1,0
src\routes\projects\+page.svelte,14,js,00000000,Not Committed Yet,2024-11-14,15:42:32,-08:00,2024-11-14T15:42:32-08:00,2,10
src\routes\projects\+page.svelte,15,js,00000000,Not Committed Yet,2024-11-14,15:42:32,-08:00,2024-11-14T15:42:32-08:00,2,19
src\routes\projects\+page.svelte,16,js,00000000,Not Committed Yet,2024-11-14,15:42:32,-08:00,2024-11-14T15:42:32-08:00,2,17
src\routes\projects\+page.svelte,17,js,00000000,Not Committed Yet,2024-11-14,15:42:32,-08:00,2024-11-14T15:42:32-08:00,1,0
src\routes\projects\+page.svelte,18,js,00000000,Not Committed Yet,2024-11-14,15:42:32,-08:00,2024-11-14T15:42:32-08:00,2,50
src\routes\projects\+page.svelte,19,js,00000000,Not Committed Yet,2024-11-14,15:42:32,-08:00,2024-11-14T15:42:32-08:00,3,59
src\routes\projects\+page.svelte,20,js,00000000,Not Committed Yet,2024-11-14,15:42:32,-08:00,2024-11-14T15:42:32-08:00,3,42
src\routes\projects\+page.svelte,21,js,00000000,Not Committed Yet,2024-11-14,15:42:32,-08:00,2024-11-14T15:42:32-08:00,2,1
src\routes\projects\+page.svelte,22,js,00000000,Not Committed Yet,2024-11-14,15:42:32,-08:00,2024-11-14T15:42:32-08:00,1,0
src\routes\projects\+page.svelte,23,js,00000000,Not Committed Yet,2024-11-14,15:42:32,-08:00,2024-11-14T15:42:32-08:00,2,2
src\routes\projects\+page.svelte,24,js,00000000,Not Committed Yet,2024-11-14,15:42:32,-08:00,2024-11-14T15:42:32-08:00,3,26
src\routes\projects\+page.svelte,25,js,00000000,Not Committed Yet,2024-11-14,15:42:32,-08:00,2024-11-14T15:42:32-08:00,4,15
src\routes\projects\+page.svelte,26,js,00000000,Not Committed Yet,2024-11-14,15:42:32,-08:00,2024-11-14T15:42:32-08:00,4,14
src\routes\projects\+page.svelte,27,js,00000000,Not Committed Yet,2024-11-14,15:42:32,-08:00,2024-11-14T15:42:32-08:00,4,11
src\routes\projects\+page.svelte,28,js,00000000,Not Committed Yet,2024-11-14,15:42:32,-08:00,2024-11-14T15:42:32-08:00,3,0
src\routes\projects\+page.svelte,29,js,00000000,Not Committed Yet,2024-11-14,15:42:32,-08:00,2024-11-14T15:42:32-08:00,3,44
src\routes\projects\+page.svelte,30,js,00000000,Not Committed Yet,2024-11-14,15:42:32,-08:00,2024-11-14T15:42:32-08:00,4,11
src\routes\projects\+page.svelte,31,js,00000000,Not Committed Yet,2024-11-14,15:42:32,-08:00,2024-11-14T15:42:32-08:00,4,9
src\routes\projects\+page.svelte,32,js,00000000,Not Committed Yet,2024-11-14,15:42:32,-08:00,2024-11-14T15:42:32-08:00,3,2
src\routes\projects\+page.svelte,33,js,00000000,Not Committed Yet,2024-11-14,15:42:32,-08:00,2024-11-14T15:42:32-08:00,2,0
src\routes\projects\+page.svelte,34,js,00000000,Not Committed Yet,2024-11-14,15:42:32,-08:00,2024-11-14T15:42:32-08:00,1,0
src\routes\projects\+page.svelte,35,js,00000000,Not Committed Yet,2024-11-14,15:42:32,-08:00,2024-11-14T15:42:32-08:00,2,56
src\routes\projects\+page.svelte,36,js,00000000,Not Committed Yet,2024-11-14,15:42:32,-08:00,2024-11-14T15:42:32-08:00,3,57
src\routes\projects\+page.svelte,37,js,00000000,Not Committed Yet,2024-11-14,15:42:32,-08:00,2024-11-14T15:42:32-08:00,2,1
src\routes\projects\+page.svelte,38,svelte,00000000,Not Committed Yet,2024-11-14,15:42:32,-08:00,2024-11-14T15:42:32-08:00,1,7
src\routes\projects\+page.svelte,39,svelte,00000000,Not Committed Yet,2024-11-14,15:42:32,-08:00,2024-11-14T15:42:32-08:00,1,0
src\routes\projects\+page.svelte,40,svelte,00000000,Not Committed Yet,2024-11-14,15:42:32,-08:00,2024-11-14T15:42:32-08:00,1,39
src\routes\projects\+page.svelte,41,svelte,00000000,Not Committed Yet,2024-11-14,15:42:32,-08:00,2024-11-14T15:42:32-08:00,1,0
src\routes\projects\+page.svelte,42,svelte,00000000,Not Committed Yet,2024-11-14,15:42:32,-08:00,2024-11-14T15:42:32-08:00,1,27
src\routes\projects\+page.svelte,43,svelte,00000000,Not Committed Yet,2024-11-14,15:42:32,-08:00,2024-11-14T15:42:32-08:00,2,4
src\routes\projects\+page.svelte,44,svelte,00000000,Not Committed Yet,2024-11-14,15:42:32,-08:00,2024-11-14T15:42:32-08:00,3,11
src\routes\projects\+page.svelte,45,svelte,00000000,Not Committed Yet,2024-11-14,15:42:32,-08:00,2024-11-14T15:42:32-08:00,3,18
src\routes\projects\+page.svelte,46,svelte,00000000,Not Committed Yet,2024-11-14,15:42:32,-08:00,2024-11-14T15:42:32-08:00,3,26
src\routes\projects\+page.svelte,47,svelte,00000000,Not Committed Yet,2024-11-14,15:42:32,-08:00,2024-11-14T15:42:32-08:00,3,31
src\routes\projects\+page.svelte,48,svelte,00000000,Not Committed Yet,2024-11-14,15:42:32,-08:00,2024-11-14T15:42:32-08:00,2,0
src\routes\projects\+page.svelte,49,svelte,00000000,Not Committed Yet,2024-11-14,15:42:32,-08:00,2024-11-14T15:42:32-08:00,2,0
src\routes\projects\+page.svelte,50,svelte,00000000,Not Committed Yet,2024-11-14,15:42:32,-08:00,2024-11-14T15:42:32-08:00,2,63
src\routes\projects\+page.svelte,51,svelte,00000000,Not Committed Yet,2024-11-14,15:42:32,-08:00,2024-11-14T15:42:32-08:00,1,4
src\routes\projects\+page.svelte,52,svelte,00000000,Not Committed Yet,2024-11-14,15:42:32,-08:00,2024-11-14T15:42:32-08:00,1,0
src\routes\projects\+page.svelte,53,svelte,00000000,Not Committed Yet,2024-11-14,15:42:32,-08:00,2024-11-14T15:42:32-08:00,1,20
src\routes\projects\+page.svelte,54,svelte,00000000,Not Committed Yet,2024-11-14,15:42:32,-08:00,2024-11-14T15:42:32-08:00,2,31
src\routes\projects\+page.svelte,55,svelte,00000000,Not Committed Yet,2024-11-14,15:42:32,-08:00,2024-11-14T15:42:32-08:00,3,24
src\routes\projects\+page.svelte,56,svelte,c0ca1da7,Allison Conrey,2024-11-14,15:11:34,-08:00,2024-11-14T15:11:34-08:00,2,5
src\routes\projects\+page.svelte,57,svelte,00000000,Not Committed Yet,2024-11-14,15:42:32,-08:00,2024-11-14T15:42:32-08:00,1,4
src\routes\projects\+page.svelte,58,svelte,00000000,Not Committed Yet,2024-11-14,15:42:32,-08:00,2024-11-14T15:42:32-08:00,1,0
src\routes\projects\+page.svelte,59,svelte,00000000,Not Committed Yet,2024-11-14,15:42:32,-08:00,2024-11-14T15:42:32-08:00,1,5
src\routes\projects\+page.svelte,60,css,00000000,Not Committed Yet,2024-11-14,15:42:32,-08:00,2024-11-14T15:42:32-08:00,2,16
src\routes\projects\+page.svelte,61,css,00000000,Not Committed Yet,2024-11-14,15:42:32,-08:00,2024-11-14T15:42:32-08:00,3,12
src\routes\projects\+page.svelte,62,css,00000000,Not Committed Yet,2024-11-14,15:42:32,-08:00,2024-11-14T15:42:32-08:00,3,7
src\routes\projects\+page.svelte,63,css,00000000,Not Committed Yet,2024-11-14,15:42:32,-08:00,2024-11-14T15:42:32-08:00,3,15
src\routes\projects\+page.svelte,64,css,00000000,Not Committed Yet,2024-11-14,15:42:32,-08:00,2024-11-14T15:42:32-08:00,3,13
src\routes\projects\+page.svelte,65,css,00000000,Not Committed Yet,2024-11-14,15:42:32,-08:00,2024-11-14T15:42:32-08:00,3,21
src\routes\projects\+page.svelte,66,css,00000000,Not Committed Yet,2024-11-14,15:42:32,-08:00,2024-11-14T15:42:32-08:00,2,0
src\routes\projects\+page.svelte,67,svelte,00000000,Not Committed Yet,2024-11-14,15:42:32,-08:00,2024-11-14T15:42:32-08:00,1,6
src\routes\contact\+page.svelte,1,svelte,8470494,Allison Conrey,2024-10-25,22:24:20,-07:00,2024-10-25T22:24:20-07:00,0,17
src\routes\contact\+page.svelte,2,svelte,8470494,Allison Conrey,2024-10-25,22:24:20,-07:00,2024-10-25T22:24:20-07:00,0,57
src\routes\contact\+page.svelte,3,svelte,8470494,Allison Conrey,2024-10-25,22:24:20,-07:00,2024-10-25T22:24:20-07:00,2,35
src\routes\contact\+page.svelte,4,svelte,8470494,Allison Conrey,2024-10-25,22:24:20,-07:00,2024-10-25T22:24:20-07:00,2,54
src\routes\contact\+page.svelte,5,svelte,8470494,Allison Conrey,2024-10-25,22:24:20,-07:00,2024-10-25T22:24:20-07:00,4,0
src\routes\contact\+page.svelte,6,svelte,8470494,Allison Conrey,2024-10-25,22:24:20,-07:00,2024-10-25T22:24:20-07:00,2,35
src\routes\contact\+page.svelte,7,svelte,8470494,Allison Conrey,2024-10-25,22:24:20,-07:00,2024-10-25T22:24:20-07:00,2,65
src\routes\contact\+page.svelte,8,svelte,8470494,Allison Conrey,2024-10-25,22:24:20,-07:00,2024-10-25T22:24:20-07:00,4,0
src\routes\contact\+page.svelte,9,svelte,8470494,Allison Conrey,2024-10-25,22:24:20,-07:00,2024-10-25T22:24:20-07:00,2,33
src\routes\contact\+page.svelte,10,svelte,8470494,Allison Conrey,2024-10-25,22:24:20,-07:00,2024-10-25T22:24:20-07:00,0,5
src\lib\Project.svelte,1,svelte,c0ca1da7,Allison Conrey,2024-11-14,15:11:34,-08:00,2024-11-14T15:11:34-08:00,0,6
src\lib\Project.svelte,2,js,00000000,Not Committed Yet,2024-11-14,15:42:32,-08:00,2024-11-14T15:42:32-08:00,1,49
src\lib\Project.svelte,3,js,00000000,Not Committed Yet,2024-11-14,15:42:32,-08:00,2024-11-14T15:42:32-08:00,1,66
src\lib\Project.svelte,4,svelte,c0ca1da7,Allison Conrey,2024-11-14,15:11:34,-08:00,2024-11-14T15:11:34-08:00,0,7
src\lib\Project.svelte,5,svelte,c0ca1da7,Allison Conrey,2024-11-14,15:11:34,-08:00,2024-11-14T15:11:34-08:00,0,0
src\lib\Project.svelte,6,svelte,c0ca1da7,Allison Conrey,2024-11-14,15:11:34,-08:00,2024-11-14T15:11:34-08:00,0,7
src\lib\Project.svelte,7,svelte,00000000,Not Committed Yet,2024-11-14,15:42:32,-08:00,2024-11-14T15:42:32-08:00,1,63
src\lib\Project.svelte,8,svelte,00000000,Not Committed Yet,2024-11-14,15:42:32,-08:00,2024-11-14T15:42:32-08:00,1,39
src\lib\Project.svelte,9,svelte,00000000,Not Committed Yet,2024-11-14,15:42:32,-08:00,2024-11-14T15:42:32-08:00,1,23
src\lib\Project.svelte,10,svelte,00000000,Not Committed Yet,2024-11-14,15:42:32,-08:00,2024-11-14T15:42:32-08:00,1,73
src\lib\Project.svelte,11,svelte,c0ca1da7,Allison Conrey,2024-11-14,15:11:34,-08:00,2024-11-14T15:11:34-08:00,0,8
src\lib\Project.svelte,12,svelte,c0ca1da7,Allison Conrey,2024-11-14,15:11:34,-08:00,2024-11-14T15:11:34-08:00,0,0
src\lib\Project.svelte,13,svelte,c0ca1da7,Allison Conrey,2024-11-14,15:11:34,-08:00,2024-11-14T15:11:34-08:00,0,5
src\lib\Project.svelte,14,css,00000000,Not Committed Yet,2024-11-14,15:42:32,-08:00,2024-11-14T15:42:32-08:00,1,7
src\lib\Project.svelte,15,css,00000000,Not Committed Yet,2024-11-14,15:42:32,-08:00,2024-11-14T15:42:32-08:00,3,12
src\lib\Project.svelte,16,css,00000000,Not Committed Yet,2024-11-14,15:42:32,-08:00,2024-11-14T15:42:32-08:00,3,21
src\lib\Project.svelte,17,css,00000000,Not Committed Yet,2024-11-14,15:42:32,-08:00,2024-11-14T15:42:32-08:00,3,44
src\lib\Project.svelte,18,css,00000000,Not Committed Yet,2024-11-14,15:42:32,-08:00,2024-11-14T15:42:32-08:00,3,8
src\lib\Project.svelte,19,css,00000000,Not Committed Yet,2024-11-14,15:42:32,-08:00,2024-11-14T15:42:32-08:00,1,0
src\lib\Project.svelte,20,css,00000000,Not Committed Yet,2024-11-14,15:42:32,-08:00,2024-11-14T15:42:32-08:00,0,0
src\lib\Project.svelte,21,css,00000000,Not Committed Yet,2024-11-14,15:42:32,-08:00,2024-11-14T15:42:32-08:00,1,6
src\lib\Project.svelte,22,css,00000000,Not Committed Yet,2024-11-14,15:42:32,-08:00,2024-11-14T15:42:32-08:00,3,15
src\lib\Project.svelte,23,css,00000000,Not Committed Yet,2024-11-14,15:42:32,-08:00,2024-11-14T15:42:32-08:00,3,17
src\lib\Project.svelte,24,css,00000000,Not Committed Yet,2024-11-14,15:42:32,-08:00,2024-11-14T15:42:32-08:00,1,0
src\lib\Project.svelte,25,css,00000000,Not Committed Yet,2024-11-14,15:42:32,-08:00,2024-11-14T15:42:32-08:00,0,0
src\lib\Project.svelte,26,css,00000000,Not Committed Yet,2024-11-14,15:42:32,-08:00,2024-11-14T15:42:32-08:00,1,3
src\lib\Project.svelte,27,css,00000000,Not Committed Yet,2024-11-14,15:42:32,-08:00,2024-11-14T15:42:32-08:00,3,14
src\lib\Project.svelte,28,css,00000000,Not Committed Yet,2024-11-14,15:42:32,-08:00,2024-11-14T15:42:32-08:00,3,11
src\lib\Project.svelte,29,css,00000000,Not Committed Yet,2024-11-14,15:42:32,-08:00,2024-11-14T15:42:32-08:00,1,0
src\lib\Project.svelte,30,css,00000000,Not Committed Yet,2024-11-14,15:42:32,-08:00,2024-11-14T15:42:32-08:00,0,0
src\lib\Project.svelte,31,css,00000000,Not Committed Yet,2024-11-14,15:42:32,-08:00,2024-11-14T15:42:32-08:00,1,5
src\lib\Project.svelte,32,css,00000000,Not Committed Yet,2024-11-14,15:42:32,-08:00,2024-11-14T15:42:32-08:00,3,30
src\lib\Project.svelte,33,css,00000000,Not Committed Yet,2024-11-14,15:42:32,-08:00,2024-11-14T15:42:32-08:00,3,34
src\lib\Project.svelte,34,css,00000000,Not Committed Yet,2024-11-14,15:42:32,-08:00,2024-11-14T15:42:32-08:00,1,0
src\lib\Project.svelte,35,svelte,c0ca1da7,Allison Conrey,2024-11-14,15:11:34,-08:00,2024-11-14T15:11:34-08:00,0,6
src\lib\Project.svelte,36,svelte,c0ca1da7,Allison Conrey,2024-11-14,15:11:34,-08:00,2024-11-14T15:11:34-08:00,0,0
src\lib\Project.svelte,37,svelte,c0ca1da7,Allison Conrey,2024-11-14,15:11:34,-08:00,2024-11-14T15:11:34-08:00,0,0
src\lib\Project.svelte,38,svelte,00000000,Not Committed Yet,2024-11-14,15:42:32,-08:00,2024-11-14T15:42:32-08:00,0,0
src\lib\Project.svelte,39,svelte,00000000,Not Committed Yet,2024-11-14,15:42:32,-08:00,2024-11-14T15:42:32-08:00,0,0
src\lib\Project.svelte,40,svelte,00000000,Not Committed Yet,2024-11-14,15:42:32,-08:00,2024-11-14T15:42:32-08:00,0,0
src\lib\index.js,1,js,8470494,Allison Conrey,2024-10-25,22:24:20,-07:00,2024-10-25T22:24:20-07:00,0,72
